Source,Target
dis,A2M
dis,AAVS1
dis,ABCA1
dis,ABCB1
dis,ABCD1
dis,ACACA
dis,ACAN
dis,ACAT2
dis,ACE
dis,ACKR2
dis,ACLY
dis,ACO1
dis,ACP1
dis,ACSM3
dis,ACTA2
dis,ACTB
dis,ACTH
dis,ADA
dis,ADAM17
dis,ADAM23
dis,ADAM33
dis,ADAMTS12
dis,ADAMTS13
dis,ADAMTS4
dis,ADAMTS5
dis,ADAMTS7
dis,ADAMTSL5
dis,ADAR
dis,ADCY1
dis,ADCYAP1
dis,ADIPOQ
dis,ADM
dis,ADORA2A
dis,ADRB2
dis,ADRBK1
dis,AFF1
dis,AFP
dis,AGTR1
dis,AHR
dis,AHSG
dis,AICDA
dis,AIM2
dis,AIS
dis,AKR1B10
dis,AKT1
dis,ALB
dis,ALDH2
dis,ALOX12
dis,ALOX15
dis,ALOX5
dis,ALPI
dis,ALPL
dis,AMIGO2
dis,ANG
dis,ANGIOTENSIN II
dis,ANGPT1
dis,ANGPT2
dis,ANGPTL6
dis,ANKH
dis,ANPEP
dis,ANTXR2
dis,ANXA1
dis,ANXA11
dis,ANXA2
dis,ANXA5
dis,AOC1
dis,APOA1
dis,APOB
dis,APOE
dis,APOH
dis,APOL1
dis,APOM
dis,APP
dis,APTX
dis,AQP1
dis,AQP3
dis,AQP4
dis,AQP5
dis,AR
dis,AREG
dis,ARG1
dis,ARSD
dis,ARTN
dis,ASIC3
dis,ASPG
dis,ATF4
dis,ATG16L1
dis,ATG5
dis,ATP6V0A4
dis,ATP6V1H
dis,AVP
dis,B2M
dis,B3GAT1
dis,BANK1
dis,BAX
dis,BCHE
dis,BCKDHA
dis,BCL2
dis,BCL2L1
dis,BCL2L11
dis,BCR
dis,BDKRB1
dis,BDNF
dis,BECN1
dis,BGLAP
dis,BIRC5
dis,BLK
dis,BMI1
dis,BMP2
dis,BMP3
dis,BMP6
dis,BMP7
dis,BP1
dis,BPI
dis,BPIFA2
dis,BSG
dis,BTF3P11
dis,BTLA
dis,BTNL2
dis,BW52
dis,C10ORF54
dis,C10ORF67
dis,C18ORF8
dis,C19ORF10
dis,C1ORF228
dis,C1QTNF6
dis,C1R
dis,C1S
dis,C2
dis,C3
dis,C3AR1
dis,C4A
dis,C4B
dis,C5
dis,C5AR1
dis,C9ORF3
dis,CA1
dis,CA2
dis,CA5A
dis,CABIN1
dis,CALCR
dis,CALR
dis,CAMP
dis,CARD14
dis,CARD8
dis,CARD9
dis,CARS
dis,CARS2
dis,CASP1
dis,CASP10
dis,CASP14
dis,CASP3
dis,CASP8
dis,CASR
dis,CAT
dis,CAV1
dis,CBS
dis,CCDC183
dis,CCHCR1
dis,CCL11
dis,CCL13
dis,CCL16
dis,CCL17
dis,CCL18
dis,CCL19
dis,CCL2
dis,CCL20
dis,CCL21
dis,CCL25
dis,CCL26
dis,CCL3
dis,CCL3L1
dis,CCL5
dis,CCL7
dis,CCND1
dis,CCR1
dis,CCR10
dis,CCR2
dis,CCR4
dis,CCR5
dis,CCR6
dis,CCR7
dis,CCR9
dis,CCT4
dis,CD109
dis,CD14
dis,CD163
dis,CD180
dis,CD19
dis,CD1A
dis,CD1C
dis,CD1D
dis,CD2
dis,CD200
dis,CD200R1
dis,CD209
dis,CD22
dis,CD226
dis,CD24
dis,CD247
dis,CD248
dis,CD27
dis,CD274
dis,CD276
dis,CD28
dis,CD34
dis,CD38
dis,CD4
dis,CD40
dis,CD40LG
dis,CD44
dis,CD5
dis,CD55
dis,CD6
dis,CD68
dis,CD69
dis,CD70
dis,CD72
dis,CD74
dis,CD79A
dis,CD80
dis,CD83
dis,CD86
dis,CD8A
dis,CD97
dis,CDH1
dis,CDH11
dis,CDK5
dis,CDK5R1
dis,CDK5R2
dis,CDK9
dis,CDKN1A
dis,CDKN2A
dis,CDR1
dis,CDR3
dis,CDSN
dis,CDX2
dis,CEACAM1
dis,CEACAM5
dis,CEACAM6
dis,CEBPZ
dis,CEL
dis,CENPA
dis,CFH
dis,CFI
dis,CFP
dis,CHGA
dis,CHI3L1
dis,CHI3L2
dis,CHUK
dis,CIC
dis,CIMT
dis,CISH
dis,CIT
dis,CKAP4
dis,CKLF
dis,CLCN7
dis,CLDN1
dis,CLDN11
dis,CLDN2
dis,CLEC12A
dis,CLEC16A
dis,CLEC4C
dis,CLEC5A
dis,CLEC7A
dis,CLU
dis,CNOT3
dis,CNR1
dis,CNR2
dis,CNTNAP3
dis,COL1A1
dis,COL1A2
dis,COL2A1
dis,COMP
dis,COMT
dis,CORT
dis,CP
dis,CPB2
dis,CR1
dis,CR2
dis,CREG1
dis,CREM
dis,CRH
dis,CRHR1
dis,CRISP3
dis,CRP
dis,CSDA
dis,CSE
dis,CSF1
dis,CSF1R
dis,CSF2
dis,CSF3
dis,CSK
dis,CST3
dis,CST4
dis,CTGF
dis,CTHRC1
dis,CTLA4
dis,CTNNB1
dis,CTSB
dis,CTSC
dis,CTSG
dis,CTSH
dis,CTSK
dis,CTSL
dis,CTSS
dis,CX3CL1
dis,CX3CR1
dis,CXCL1
dis,CXCL10
dis,CXCL11
dis,CXCL12
dis,CXCL13
dis,CXCL16
dis,CXCL2
dis,CXCL5
dis,CXCL9
dis,CXCR2
dis,CXCR3
dis,CXCR4
dis,CXCR5
dis,CXCR6
dis,CYBB
dis,CYCLIN E
dis,CYCS
dis,CYP1A1
dis,CYP27A1
dis,CYP2D6
dis,CYP3A
dis,CYR61
dis,DAG1
dis,DAP
dis,DBP
dis,DCN
dis,DDIT3
dis,DDOST
dis,DDR2
dis,DDX46
dis,DEFA1
dis,DEFA5
dis,DEFB104A
dis,DEFB4A
dis,DEK
dis,DHS
dis,DHX9
dis,DKK1
dis,DLG5
dis,DLL1
dis,DMBT1
dis,DNAJC5
dis,DNASE1
dis,DNASE1L3
dis,DNASE2
dis,DNMT1
dis,DPEP1
dis,DPP4
dis,DRD2
dis,DUSP1
dis,DUSP2
dis,DUSP22
dis,DUT
dis,DYT10
dis,E2F1
dis,EBI3
dis,ECD
dis,EDN1
dis,EDNRA
dis,EEF1A1
dis,EFNA2
dis,EGF
dis,EGFL7
dis,EGFR
dis,EGLN1
dis,EGR1
dis,EGR2
dis,EIF2A
dis,EIF2AK1
dis,EIF2AK4
dis,EIF2S1
dis,EIM
dis,ELANE
dis,ELAVL1
dis,ELF3
dis,ELK1
dis,ELN
dis,ELOVL6
dis,EMB
dis,EMD
dis,ENG
dis,ENO1
dis,ENPEP
dis,ENPP2
dis,ENTPD1
dis,EP300
dis,EPAS1
dis,EPHA2
dis,EPHB2
dis,EPO
dis,EPOR
dis,EPX
dis,ERAP1
dis,ERAP2
dis,ERBB2
dis,ERI1
dis,ERVW-4
dis,ESAT
dis,ESR1
dis,ESR2
dis,ESRRA
dis,ETS1
dis,ETV3
dis,EVA1C
dis,EXOSC1
dis,EXOSC10
dis,EZH2
dis,F10
dis,F12
dis,F2
dis,F2R
dis,F2RL1
dis,F2RL3
dis,F3
dis,F5
dis,F8
dis,FABP5
dis,FAP
dis,FAS
dis,FASLG
dis,FBL
dis,FBN1
dis,FCAR
dis,FCER2
dis,FCGR1A
dis,FCGR2A
dis,FCGR2B
dis,FCGR3A
dis,FCGR3B
dis,FCGRT
dis,FCN2
dis,FCN3
dis,FCRL3
dis,FDPS
dis,FFAR2
dis,FFAR4
dis,FGF10
dis,FGF2
dis,FGF21
dis,FGF23
dis,FGF7
dis,FGFR1
dis,FGFR3
dis,FHIT
dis,FHL2
dis,FKBP11
dis,FLG
dis,FLI1
dis,FLT1
dis,FLT3
dis,FLT3LG
dis,FLVCR1
dis,FN1
dis,FNDC5
dis,FOS
dis,FOSL1
dis,FOSL2
dis,FOXO1
dis,FOXO3
dis,FOXP3
dis,FST
dis,FSTL1
dis,FUT1
dis,FUT2
dis,FUT3
dis,FXN
dis,FZD8
dis,G6PD
dis,GABRP
dis,GAPDH
dis,GAS5
dis,GAS6
dis,GAST
dis,GATA3
dis,GBP1
dis,GC
dis,GCG
dis,GDF11
dis,GDF15
dis,GGTLC1
dis,GH1
dis,GHR
dis,GHRL
dis,GHSR
dis,GIF
dis,GIP
dis,GJB2
dis,GLB1
dis,GLP1R
dis,GLS
dis,GNAQ
dis,GOPC
dis,GP2
dis,GPBAR1
dis,GPER1
dis,GPI
dis,GPR35
dis,GPRIN1
dis,GPX1
dis,GPX2
dis,GRK6
dis,GRN
dis,GSK3B
dis,GSN
dis,GSTM1
dis,GSTT1
dis,GUCA2A
dis,GUCA2B
dis,GUCY2C
dis,GUSB
dis,GYPA
dis,GZMA
dis,H19
dis,H3F3AP4
dis,HAMP
dis,HAVCR1
dis,HAVCR2
dis,HBG2
dis,HBM
dis,HDAC
dis,HDAC3
dis,HGF
dis,HIF1A
dis,HISTONE H1
dis,HISTONE H2B
dis,HK1
dis,HLA-A
dis,HLA-B
dis,HLA-C
dis,HLA-DMA
dis,HLA-DPB1
dis,HLA-DQA1
dis,HLA-DRB1
dis,HLA-DRB3
dis,HLA-DRB4
dis,HLA-DRB5
dis,HLA-E
dis,HLA-G
dis,HMGB1
dis,HMGB2
dis,HMOX1
dis,HP
dis,HPGDS
dis,HPSE
dis,HRH4
dis,HSD11B1
dis,HSD11B2
dis,HSP90AA1
dis,HSP90AB1
dis,HSP90B1
dis,HSP90B2P
dis,HSPA2
dis,HSPA4
dis,HSPA5
dis,HSPB3
dis,HSPD1
dis,HT
dis,HTR1A
dis,HTR2A
dis,HTRA1
dis,IBD3
dis,IBD5
dis,IBSP
dis,ICAM1
dis,ICAM3
dis,ICOS
dis,ICOSLG
dis,ID1
dis,ID3
dis,IDO1
dis,IDO2
dis,IFI16
dis,IFI27
dis,IFI44L
dis,IFIH1
dis,IFNA1
dis,IFNA17
dis,IFNA2
dis,IFNB1
dis,IFNG
dis,IFNK
dis,IFNL1
dis,IGAN
dis,IGF1
dis,IGF1R
dis,IGFBP1
dis,IGFBP3
dis,IGFBP5
dis,IGHA1
dis,IGHE
dis,IGHG1
dis,IGHG3
dis,IGHM
dis,IGKV2D-29
dis,IKBKB
dis,IKBKE
dis,IKZF1
dis,IL1
dis,IL10
dis,IL10RA
dis,IL11
dis,IL12
dis,IL12B
dis,IL12RB2
dis,IL13
dis,IL15
dis,IL16
dis,IL17A
dis,IL17B
dis,IL17C
dis,IL17D
dis,IL17F
dis,IL17RA
dis,IL18
dis,IL18BP
dis,IL18RAP
dis,IL19
dis,IL1A
dis,IL1B
dis,IL1F10
dis,IL1R1
dis,IL1RL1
dis,IL1RL2
dis,IL1RN
dis,IL2
dis,IL20
dis,IL20RB
dis,IL21
dis,IL21R
dis,IL22
dis,IL22RA2
dis,IL23A
dis,IL23R
dis,IL24
dis,IL26
dis,IL27
dis,IL2RA
dis,IL3
dis,IL31
dis,IL32
dis,IL33
dis,IL34
dis,IL36A
dis,IL36G
dis,IL36RN
dis,IL37
dis,IL4
dis,IL4I1
dis,IL4R
dis,IL5
dis,IL6
dis,IL6R
dis,IL6ST
dis,IL7
dis,IL7R
dis,IL8
dis,IL9
dis,ING4
dis,INHBE
dis,INS
dis,INSL3
dis,INSRR
dis,IRAK1
dis,IRF1
dis,IRF2
dis,IRF3
dis,IRF4
dis,IRF5
dis,IRF7
dis,IRF8
dis,IRGM
dis,ISPD
dis,ITGA1
dis,ITGA2
dis,ITGAE
dis,ITGAL
dis,ITGAM
dis,ITGAX
dis,ITGB2
dis,ITLN1
dis,ITPKC
dis,JAK1
dis,JAK2
dis,JAK3
dis,JMY
dis,JUN
dis,JUNB
dis,JUND
dis,KARS
dis,KCNA3
dis,KCNE3
dis,KCNN4
dis,KCNQ1
dis,KDM5A
dis,KDM6B
dis,KDR
dis,KHDRBS1
dis,KIAA0101
dis,KIR2DL2
dis,KIR2DL3
dis,KIR2DL4
dis,KIR2DS2
dis,KIR3DL1
dis,KIR3DL2
dis,KIR3DL3
dis,KITLG
dis,KL
dis,KLF13
dis,KLF2
dis,KLF5
dis,KLK1
dis,KLK4
dis,KLK6
dis,KLK7
dis,KLK8
dis,KLKB1
dis,KLRB1
dis,KLRK1
dis,KNG1
dis,KRAS
dis,KRT1
dis,KRT10
dis,KRT14
dis,KRT16
dis,KRT17
dis,KRT5
dis,KRT76
dis,LAIR1
dis,LAMP1
dis,LANCL1
dis,LBR
dis,LCE3B
dis,LCE3C
dis,LCN1
dis,LCN2
dis,LCT
dis,LEP
dis,LEPR
dis,LEPREL2
dis,LGALS1
dis,LGALS3
dis,LGALS3BP
dis,LGALS8
dis,LGALS9
dis,LIF
dis,LILRA3
dis,LMNA
dis,LMNB1
dis,LOX
dis,LPA
dis,LPL
dis,LRBA
dis,LRG1
dis,LRP1
dis,LRP2
dis,LRP5
dis,LRP6
dis,LRRK2
dis,LSM2
dis,LTA
dis,LTB
dis,LTB4R
dis,LTBR
dis,LTF
dis,LXN
dis,LY75
dis,LY9
dis,LYN
dis,LYPD4
dis,LYZ
dis,MADCAM1
dis,MAP1LC3A
dis,MAP1LC3B
dis,MAP2K3
dis,MAP2K6
dis,MAP2K7
dis,MAP3K14
dis,MAP3K7
dis,MAPK1
dis,MAPK12
dis,MAPK13
dis,MAPK14
dis,MAPK3
dis,MAPK7
dis,MAPK8
dis,MARCKSL1
dis,MAS1
dis,MASP1
dis,MASP2
dis,MAVS
dis,MB21D1
dis,MBL2
dis,MBP
dis,MBTPS1
dis,MC3R
dis,MCL1
dis,MDK
dis,MDM2
dis,MECOM
dis,MECP2
dis,MEFV
dis,MEN1
dis,MEPE
dis,MERTK
dis,MET
dis,MFGE8
dis,MGARP
dis,MGMT
dis,MGP
dis,MIA
dis,MICB
dis,MIF
dis,MIP
dis,MIR106B
dis,MIR10A
dis,MIR126
dis,MIR1266
dis,MIR135B
dis,MIR142
dis,MIR146A
dis,MIR155
dis,MIR192
dis,MIR194-1
dis,MIR200C
dis,MIR203
dis,MIR205
dis,MIR21
dis,MIR214
dis,MIR23B
dis,MIR26A1
dis,MIR29A
dis,MIR31
dis,MIR34A
dis,MIR378A
dis,MIR490
dis,MIR491
dis,MIR499A
dis,MIR-7
dis,MIR708
dis,MIR99A
dis,MME
dis,MMP1
dis,MMP12
dis,MMP13
dis,MMP14
dis,MMP19
dis,MMP2
dis,MMP3
dis,MMP7
dis,MMP8
dis,MMP9
dis,MMRN1
dis,MPO
dis,MPZ
dis,MRAP
dis,MRC1
dis,MRGPRF
dis,MRPL49
dis,MRSS
dis,MS4A1
dis,MSC
dis,MSH2
dis,MSH5
dis,MSN
dis,MSR1
dis,MST1
dis,MSTN
dis,MSX2
dis,MT1JP
dis,MTA2
dis,MTFMT
dis,MTHFR
dis,MTOR
dis,MUC1
dis,MUC16
dis,MUC2
dis,MUC5AC
dis,MVD
dis,MX1
dis,MYD88
dis,MYOM2
dis,NAB2
dis,NAMPT
dis,NAPA
dis,NCAM1
dis,NCF1
dis,NCF2
dis,NCF4
dis,NCR1
dis,NDC80
dis,NDUFB6
dis,NELFCD
dis,NELL1
dis,NFATC1
dis,NFE2
dis,NFE2L2
dis,NFIL3
dis,NF-KB
dis,NFKB1
dis,NFKBIA
dis,NGF
dis,NKX2-3
dis,NLRP3
dis,NMU
dis,NOD1
dis,NOD2
dis,NOG
dis,NOS1
dis,NOS2
dis,NOS3
dis,NOTCH1
dis,NOTCH2
dis,NOTCH4
dis,NOX1
dis,NOX4
dis,NPPB
dis,NPS
dis,NPTX1
dis,NPY
dis,NR0B1
dis,NR2C2
dis,NR3C1
dis,NR4A1
dis,NR4A2
dis,NRD1
dis,NRIP1
dis,NRP1
dis,NT5C2
dis,NTM
dis,NTN1
dis,NTRK1
dis,NUBP1
dis,NUCB2
dis,NUP62
dis,OCA2
dis,OCLN
dis,ODC1
dis,OLR1
dis,OPRM1
dis,ORAI1
dis,ORMDL3
dis,OSM
dis,P2RX7
dis,PADI2
dis,PADI4
dis,PARP1
dis,PCNA
dis,PDC
dis,PDCD1
dis,PDE4A
dis,PDGFB
dis,PDGFRA
dis,PDGFRB
dis,PDLIM4
dis,PECAM1
dis,PEPD
dis,PF4
dis,PGF
dis,PGLYRP1
dis,PGLYRP2
dis,PI3
dis,PIK3CG
dis,PIN1
dis,PLA2G10
dis,PLA2G1B
dis,PLA2G7
dis,PLAT
dis,PLAU
dis,PLAUR
dis,PLD2
dis,PLEKHO1
dis,PLG
dis,PLS3
dis,PML
dis,PMP22
dis,PNKP
dis,POLD3
dis,POLR3A
dis,PON1
dis,POSTN
dis,PPARA
dis,PPARD
dis,PPARG
dis,PPARGC1B
dis,PPBP
dis,PPIA
dis,PPP1R12C
dis,PPP2R4
dis,PRDM1
dis,PRDX1
dis,PRDX2
dis,PRG4
dis,PRINS
dis,PRKAA1
dis,PRKAB1
dis,PRKCA
dis,PRKCD
dis,PRKCQ
dis,PRKD1
dis,PRL
dis,PRMT5
dis,PROC
dis,PROK2
dis,PRS
dis,PRTN3
dis,PSMB8
dis,PSORS1C1
dis,PSORS4
dis,PSS
dis,PTBP1
dis,PTEN
dis,PTGER2
dis,PTGER4
dis,PTGES
dis,PTGS1
dis,PTGS2
dis,PTH
dis,PTH1R
dis,PTHLH
dis,PTK2B
dis,PTN
dis,PTP4A1
dis,PTPN11
dis,PTPN2
dis,PTPN22
dis,PTPRC
dis,PTPRJ
dis,PTRH1
dis,PTX3
dis,PXK
dis,PYCARD
dis,QPCT
dis,RABEPK
dis,RAC1
dis,RAD51
dis,RAF1
dis,RAG2
dis,RARRES2
dis,RARRES3
dis,RBFOX2
dis,RBM45
dis,REG1A
dis,REG4
dis,REL
dis,RETN
dis,RFX1
dis,RHBDF2
dis,RHBDL2
dis,RHCE
dis,RHD
dis,RHOB
dis,RHOBTB2
dis,RHOV
dis,RICTOR
dis,RIN3
dis,RIPK3
dis,RNASE3
dis,RNF186
dis,RNR2
dis,RPL17
dis,RPSA
dis,RPTOR
dis,RRP1
dis,RRP8
dis,RSPO1
dis,RTCA
dis,RTN1
dis,RUNX2
dis,RUNX3
dis,RXFP2
dis,RYR1
dis,S100A1
dis,S100A12
dis,S100A14
dis,S100A4
dis,S100A7
dis,S100A8
dis,S100A9
dis,S100B
dis,S1PR1
dis,SAA1
dis,SATB2
dis,SCAI
dis,SCGB1A1
dis,SCN9A
dis,SCT
dis,SDC1
dis,SDC4
dis,SELE
dis,SELL
dis,SELP
dis,SELPLG
dis,SEMA3A
dis,SEMA3E
dis,SEMA4A
dis,SEMA4D
dis,SEMG1
dis,SENP1
dis,SERP1
dis,SERPINA1
dis,SERPINA4
dis,SERPINA5
dis,SERPINA6
dis,SERPINB13
dis,SERPINB3
dis,SERPINC1
dis,SERPINE1
dis,SERPINE2
dis,SERPINF1
dis,SERPINF2
dis,SERPINH1
dis,SETBP1
dis,SETX
dis,SH2B2
dis,SHBG
dis,SIGIRR
dis,SIGLEC1
dis,SIK3
dis,SIRT1
dis,SIRT6
dis,SLAMF1
dis,SLC11A1
dis,SLC11A2
dis,SLC16A4
dis,SLC19A1
dis,SLC22A4
dis,SLC22A5
dis,SLC30A10
dis,SLC3A2
dis,SLC51A
dis,SLC6A4
dis,SLC9A3
dis,SLCO6A1
dis,SLEB3
dis,SLPI
dis,SMAD1
dis,SMAD2
dis,SMAD3
dis,SMAD4
dis,SMAD5
dis,SMAD6
dis,SMAD7
dis,SMURF1
dis,SNRNP70
dis,SNRPD1
dis,SNRPG
dis,SOCS1
dis,SOCS3
dis,SOD2
dis,SOD3
dis,SOST
dis,SOX5
dis,SOX6
dis,SP1
dis,SP7
dis,SPARC
dis,SPAST
dis,SPG7
dis,SPHK1
dis,SPHK2
dis,SPINK1
dis,SPP1
dis,SPRED2
dis,SPTAN1
dis,SQRDL
dis,SQSTM1
dis,SSB
dis,SSRP1
dis,SST
dis,SSTR5
dis,ST2
dis,ST3GAL4
dis,ST8
dis,STAT1
dis,STAT3
dis,STAT4
dis,STAT5A
dis,STAT6
dis,STEAP4
dis,SUBSTANCE P
dis,SUCNR1
dis,SUPEROXIDE DISMUTASE
dis,SYK
dis,SYNPR
dis,TAP1
dis,TAP2
dis,TARDBP
dis,TBC1D9
dis,TBCA
dis,TBCE
dis,TBK1
dis,TBX21
dis,TBX5
dis,TCF7L2
dis,TCIRG1
dis,TCN2
dis,TEK
dis,TF
dis,TFF3
dis,TFPI
dis,TFRC
dis,TG
dis,TGFA
dis,TGFB1
dis,TGFB2
dis,TGFBR1
dis,TGM1
dis,TGM2
dis,TH1L
dis,THBD
dis,THBS1
dis,THM
dis,THPO
dis,THY1
dis,TIE1
dis,TIMD4
dis,TIMP1
dis,TIMP2
dis,TIMP3
dis,TIMP4
dis,TJP1
dis,TKT
dis,TLR1
dis,TLR2
dis,TLR3
dis,TLR4
dis,TLR5
dis,TLR7
dis,TLR8
dis,TLR9
dis,TMED1
dis,TMEM106C
dis,TMEM11
dis,TMEM201
dis,TNC
dis,TNF
dis,TNFAIP1
dis,TNFAIP3
dis,TNFAIP6
dis,TNFAIP8L2
dis,TNFRSF10A
dis,TNFRSF10B
dis,TNFRSF11A
dis,TNFRSF11B
dis,TNFRSF12A
dis,TNFRSF13B
dis,TNFRSF13C
dis,TNFRSF17
dis,TNFRSF18
dis,TNFRSF1A
dis,TNFRSF1B
dis,TNFRSF25
dis,TNFRSF4
dis,TNFRSF6B
dis,TNFRSF9
dis,TNFSF10
dis,TNFSF11
dis,TNFSF13B
dis,TNFSF15
dis,TNFSF18
dis,TNFSF4
dis,TNIP1
dis,TNNI3
dis,TOP1
dis,TOP2A
dis,TP53
dis,TPH1
dis,TPM3
dis,TPMT
dis,TPO
dis,TRAF1
dis,TRAF3IP2
dis,TRAF6
dis,TRAP1
dis,TREM1
dis,TREX1
dis,TREX2
dis,TRH
dis,TRIB1
dis,TRIB3
dis,TRIM21
dis,TRIM68
dis,TRIM69
dis,TROVE2
dis,TRPA1
dis,TRPV1
dis,TRPV3
dis,TRPV4
dis,TSHR
dis,TSLP
dis,TST
dis,TTR
dis,TWIST1
dis,TXN
dis,TYK2
dis,TYROBP
dis,UBAC2
dis,UBE2L3
dis,UBIQUITIN
dis,UCN
dis,UGCG
dis,UNC5B
dis,UPK3B
dis,UTS2
dis,VCAM1
dis,VCP
dis,VDR
dis,VEGFA
dis,VEGFC
dis,VGLL3
dis,VHL
dis,VHLL
dis,VIM
dis,VIP
dis,VKORC1
dis,VNN1
dis,VPS35
dis,VSIG4
dis,VSTM1
dis,VTCN1
dis,VWF
dis,WAS
dis,WDFY4
dis,WFDC21P
dis,WG
dis,WIF1
dis,WNT1
dis,WNT10B
dis,WNT16
dis,WNT4
dis,WNT5A
dis,XBP1
dis,XRCC1
dis,XRCC3
dis,YBX1
dis,YBX3
dis,ZDHHC13
dis,ZFP36
dis,ZNF398
dis,ZNF423
dis,ZNF467
dis,ZNF750
dis,ZNF77
dis,AADAT
dis,ABAT
dis,ABCA7
dis,ABCB10P1
dis,ABCG2
dis,ABL1
dis,ABP1
dis,ACAT1
dis,ACCS
dis,ACHE
dis,ACSL6
dis,AD8
dis,ADAM10
dis,ADAMTS10
dis,ADCY3
dis,ADCY5
dis,ADCY8
dis,ADD3
dis,ADNP
dis,ADNP2
dis,ADRA2A
dis,ADRA2C
dis,ADSL
dis,ADSS
dis,AGPS
dis,AGRN
dis,AGT
dis,AGXT
dis,AGXT2L1
dis,AHI1
dis,AIFM1
dis,AIMP2
dis,AKR1B1
dis,AKT3
dis,ALDH1A1
dis,ALDH1A3
dis,ALDH7A1
dis,ALG1
dis,ALG9
dis,ALLC
dis,ALMS1
dis,ALX4
dis,AMBP
dis,AMBRA1
dis,AMPD1
dis,AMY1A
dis,ANAPC1
dis,ANK3
dis,ANKK1
dis,ANKRD11
dis,ANMA
dis,ANXA6
dis,AOC2
dis,AOC3
dis,APAF1
dis,APBA1
dis,APBA2
dis,APBB1
dis,APBB2
dis,APC
dis,APCS
dis,APEX1
dis,APH1A
dis,APLN
dis,APLP1
dis,APLP2
dis,APOA4
dis,APOC1
dis,APOC2
dis,APOD
dis,ARC
dis,ARFGAP1
dis,ARFGEF1
dis,ARHGAP32
dis,ARHGAP33
dis,ARHGEF7
dis,ARID1B
dis,ARNTL
dis,ARR3
dis,ARRB1
dis,ARX
dis,ASCL1
dis,ASD1
dis,ASIC1
dis,ASMT
dis,ASTN2
dis,ATCAY
dis,ATF6
dis,ATG7
dis,ATM
dis,ATN1
dis,ATP13A2
dis,ATP2B2
dis,ATP5A1
dis,ATP7B
dis,ATXN2
dis,ATXN3
dis,AUTS1
dis,AUTS2
dis,AVPR1A
dis,AZU1
dis,BACE1
dis,BACE2
dis,BAG5
dis,BCKDK
dis,BCL11A
dis,BCL2A1
dis,BCYRN1
dis,BEST1
dis,BIN1
dis,BLMH
dis,BLVRA
dis,BNIP3L
dis,BP2
dis,BP3
dis,BP4
dis,BRAF
dis,BRCA1
dis,BRD1
dis,BST1
dis,C4BPB
dis,C6ORF15
dis,C9ORF72
dis,CA4
dis,CACNA1A
dis,CACNA1C
dis,CACNA1D
dis,CACNA1H
dis,CACNA1I
dis,CACNB2
dis,CACNG8
dis,CADPS2
dis,CALB1
dis,CALB2
dis,CALCA
dis,CALD1
dis,CALHM1
dis,CALML5
dis,CAMK2B
dis,CAMK2G
dis,CAMKK2
dis,CAPN2
dis,CAPS2
dis,CARTPT
dis,CASP2
dis,CASP6
dis,CASP9
dis,CAST
dis,CBL
dis,CBLN1
dis,CBR1
dis,CC2D1A
dis,CCDC62
dis,CCK
dis,CCKAR
dis,CCNB1
dis,CCNC
dis,CD2AP
dis,CD33
dis,CD36
dis,CD3D
dis,CD47
dis,CDC25C
dis,CDH13
dis,CDH15
dis,CDH2
dis,CDK1
dis,CDK4
dis,CDK7
dis,CDKL1
dis,CDKN1B
dis,CDNF
dis,CDT1
dis,CEBPA
dis,CEBPD
dis,CES1
dis,CETN1
dis,CETP
dis,CHCHD2
dis,CHD8
dis,CHIT1
dis,CHM
dis,CHMP2B
dis,CHR
dis,CHRM1
dis,CHRNA4
dis,CHRNA7
dis,CIB1
dis,CKAP2
dis,CLCN1
dis,CLDN5
dis,CLINT1
dis,CMIP
dis,CMYA5
dis,CNP
dis,CNPY2
dis,CNTF
dis,CNTN4
dis,CNTN5
dis,CNTNAP2
dis,COL25A1
dis,COMMD3
dis,COQ2
dis,CPB1
dis,CPLX2
dis,CPZ
dis,CRAC1
dis,CREB1
dis,CREBBP
dis,CRHBP
dis,CRHR2
dis,CRMP1
dis,CRTC1
dis,CRY1
dis,CRY2
dis,CRYAB
dis,CRYM
dis,CRYZ
dis,CSMD1
dis,CSMD2
dis,CSNK1A1
dis,CSNK2B
dis,CTCFL
dis,CTNNA2
dis,CTNND2
dis,CTSD
dis,CTXN3
dis,CUX1
dis,CXORF36
dis,CXXC1
dis,CYFIP1
dis,CYP17A1
dis,CYP19A1
dis,CYP1A2
dis,CYP21A2
dis,CYP2C19
dis,CYP46A1
dis,DAB1
dis,DAO
dis,DAOA
dis,DAOA-AS1
dis,DAPK1
dis,DBH
dis,DBI
dis,DBN1
dis,DCLK1
dis,DCR
dis,DCX
dis,DDC
dis,DDIT4
dis,DDO
dis,DDR1
dis,DEAF1
dis,DEGS2
dis,DGCR2
dis,DGCR6
dis,DGCR8
dis,DGKH
dis,DHCR24
dis,DHH
dis,DIABLO
dis,DISC1
dis,DISC2
dis,DIXDC1
dis,DLC1
dis,DLD
dis,DLG1
dis,DLG4
dis,DLGAP1
dis,DLGAP2
dis,DLX6
dis,DMTN
dis,DNAJA3
dis,DNAJB1
dis,DNAJC13
dis,DNAJC6
dis,DNM1L
dis,DNMT3B
dis,DOCK3
dis,DOCK4
dis,DPP6
dis,DPYD
dis,DPYSL2
dis,DPYSL5
dis,DRD1
dis,DRD3
dis,DRD4
dis,DRD5
dis,DST
dis,DTNBP1
dis,DVL1P1
dis,DYM
dis,DYRK1A
dis,EBP
dis,EBPL
dis,ECE1
dis,EEF2
dis,EEF2K
dis,EFHD2
dis,EFNB2
dis,EFR3A
dis,EGR3
dis,EHMT1
dis,EIF2AK2
dis,EIF4E
dis,EIF4G1
dis,EN1
dis,EN2
dis,ENDOG
dis,ENO2
dis,EPHA1
dis,EPHA4
dis,ERBB3
dis,ERBB4
dis,ERMN
dis,ERVW-1
dis,ESCO1
dis,ETV5
dis,FA2H
dis,FAAH
dis,FABP3
dis,FABP7
dis,FAF1
dis,FAM3C
dis,FANCC
dis,FASN
dis,FBXO2
dis,FBXO7
dis,FBXW7
dis,FERMT2
dis,FEZ1
dis,FGA
dis,FGF1
dis,FGF14
dis,FGF20
dis,FGF22
dis,FGF9
dis,FIS1
dis,FKBP4
dis,FKBP5
dis,FMR1
dis,FOLH1
dis,FOLH1B
dis,FOLR2
dis,FOSB
dis,FOXA2
dis,FOXG1
dis,FOXP1
dis,FOXP2
dis,FPR2
dis,FRMD6
dis,FTMT
dis,FURIN
dis,FUS
dis,FXYD6
dis,FYN
dis,FZD3
dis,GAB2
dis,GABRA3
dis,GABRA4
dis,GABRA6
dis,GABRB2
dis,GABRB3
dis,GABRD
dis,GAD1
dis,GAD2
dis,GAK
dis,GAL3ST1
dis,GALP
dis,GALR1
dis,GALR2
dis,GALR3
dis,GAP43
dis,GBA
dis,GCH1
dis,GDF2
dis,GDF5
dis,GDNF
dis,GEM
dis,GET4
dis,GFAP
dis,GGA3
dis,GHRH
dis,GIGYF2
dis,GIT1
dis,GJA1
dis,GJD2
dis,GLA
dis,GLO1
dis,GLRX
dis,GLS2
dis,GLT8D1
dis,GLUL
dis,GM2A
dis,GMCL1
dis,GNB1L
dis,GNB3
dis,GPC4
dis,GPHN
dis,GPM6A
dis,GPR158
dis,GPR3
dis,GPR37
dis,GPR39
dis,GPR50
dis,GPR52
dis,GPR6
dis,GPR85
dis,GPX4
dis,GRIA1
dis,GRIA2
dis,GRIA4
dis,GRID1
dis,GRIK1
dis,GRIK2
dis,GRIK3
dis,GRIK4
dis,GRIN1
dis,GRIN2A
dis,GRIN2B
dis,GRIN2C
dis,GRIN2D
dis,GRIN3A
dis,GRIN3B
dis,GRIP1
dis,GRK5
dis,GRM1
dis,GRM2
dis,GRM3
dis,GRM4
dis,GRM5
dis,GRM7
dis,GRM8
dis,GRPR
dis,GSAP
dis,GSK-3
dis,GSR
dis,GSTK1
dis,GSTO1
dis,GSTP1
dis,GSTZ1
dis,GTF2I
dis,GTS
dis,GULP1
dis,H2AFZ
dis,HAP1
dis,HBEGF
dis,HCAR2
dis,HCG9
dis,HCN1
dis,HCN4
dis,HCRT
dis,HCRTR1
dis,HDAC2
dis,HDAC4
dis,HDAC5
dis,HDAC6
dis,HDC
dis,HEPACAM
dis,HERPUD1
dis,HES4
dis,HFE
dis,HHEX
dis,HIF3A
dis,HINT1
dis,HIP1
dis,HIP1R
dis,HISTONE H3
dis,HIVEP2
dis,HMGA1
dis,HMGCR
dis,HOMER1
dis,HOTAIR
dis,HOXA1
dis,HOXB1
dis,HOXD13
dis,HRH2
dis,HS3ST1
dis,HSD17B10
dis,HSF1
dis,HSPA1A
dis,HSPA8
dis,HSPA9
dis,HSPB1
dis,HSPB2
dis,HSPG2
dis,HTR1B
dis,HTR1F
dis,HTR2B
dis,HTR2C
dis,HTR3A
dis,HTR4
dis,HTR5A
dis,HTR5BP
dis,HTR6
dis,HTR7
dis,HTRA2
dis,HTT
dis,IAPP
dis,IDE
dis,IDH1
dis,IDUA
dis,IER3IP1
dis,IFT57
dis,IGF2
dis,IGFBP2
dis,IGFBP7
dis,IGHD
dis,IGLJ2
dis,IL1RAPL1
dis,IMMT
dis,IMPA1
dis,IMPA2
dis,INPP5D
dis,INSR
dis,IPO5
dis,IREB2
dis,IRF6
dis,IRS1
dis,IRS2
dis,ITGB3
dis,ITIH4
dis,ITM2B
dis,ITPR1
dis,ITPR3
dis,ITSN2
dis,JAKMIP1
dis,JARID2
dis,JPH3
dis,KALRN
dis,KAT5
dis,KCNH2
dis,KCNIP3
dis,KCNJ10
dis,KCNJ13
dis,KCNJ2
dis,KCNJ3
dis,KCNJ6
dis,KCNK2
dis,KCNK9
dis,KCNMA1
dis,KCNN3
dis,KCNQ2
dis,KCNQ3
dis,KDM6A
dis,KIAA0319
dis,KIF1A
dis,KLK3
dis,KMO
dis,KMT2C
dis,KPNA3
dis,L1CAM
dis,LAMB1
dis,LAMP2
dis,LBP
dis,LCH
dis,LDLR
dis,LGI1
dis,LGMN
dis,LHB
dis,LHCGR
dis,LILRB2
dis,LILRB3
dis,LINC00271
dis,LINGO1
dis,LINGO2
dis,LIPA
dis,LIPC
dis,LMO3
dis,LMX1A
dis,LNPEP
dis,LRP8
dis,LRRC4
dis,LRRK1
dis,LRRN3
dis,LRRTM1
dis,LRTM1
dis,LSAMP
dis,MAD1L1
dis,MAG
dis,MAGED1
dis,MAGI2
dis,MAMLD1
dis,MANF
dis,MAOA
dis,MAOB
dis,MAP1S
dis,MAP2
dis,MAP3K5
dis,MAP4K4
dis,MAP6
dis,MAPK10
dis,MAPK8IP1
dis,MAPT
dis,MAPT-AS1
dis,MARK2
dis,MBD1
dis,MBD5
dis,MC1R
dis,MCCC2
dis,MCF2L
dis,MCIDAS
dis,MCIN
dis,MDGA1
dis,MED12
dis,MEF2C
dis,MEF2D
dis,MEGF10
dis,MEIS2
dis,MGAT3
dis,MGEA5
dis,MGLL
dis,MGS
dis,MIAT
dis,MIDN
dis,MIR107
dis,MIR10B
dis,MIR1202
dis,MIR124-1
dis,MIR132
dis,MIR133B
dis,MIR134
dis,MIR137
dis,MIR16-1
dis,MIR182
dis,MIR183
dis,MIR195
dis,MIR206
dis,MIR212
dis,MIR219-1
dis,MIR221
dis,MIR29C
dis,MIR30E
dis,MIR342
dis,MIR346
dis,MIR34C
dis,MIR433
dis,MIR497
dis,MIR615
dis,MIR656
dis,MLC1
dis,MLH1
dis,MLH3
dis,MMEL1
dis,MMP16
dis,MMP24
dis,MOG
dis,MPI
dis,MSRA
dis,MT3
dis,MT-CO1
dis,MTHFD1
dis,MTR
dis,MTSS1
dis,MUC22
dis,MVP
dis,MYC
dis,MYOCD
dis,MYT1L
dis,NAE1
dis,NAT2
dis,NBEA
dis,NBL1
dis,NBN
dis,NCAN
dis,NCL
dis,NCS1
dis,NCSTN
dis,ND1
dis,ND2
dis,ND5
dis,NDE1
dis,NDEL1
dis,NDP
dis,NDST3
dis,NDUFV2
dis,NEAT1
dis,NEDD4
dis,NEDD4L
dis,NEDD9
dis,NEFH
dis,NEFL
dis,NEFM
dis,NEIL1
dis,NEUROD1
dis,NEUROD6
dis,NEUROG1
dis,NEUROKININ A
dis,NF1
dis,NF2
dis,NGB
dis,NGFR
dis,NKAPL
dis,NKX2-1
dis,NLGN1
dis,NLGN3
dis,NLGN4X
dis,NLGN4Y
dis,NLN
dis,NLRP1
dis,NLRP6
dis,NMS
dis,NOS1AP
dis,NOTCH3
dis,NPAS3
dis,NPAS4
dis,NPC1
dis,NPPA
dis,NPSR1
dis,NPTX2
dis,NPTXR
dis,NPY4R
dis,NQO1
dis,NQO2
dis,NR1D1
dis,NR1H2
dis,NR2E1
dis,NR3C2
dis,NRCAM
dis,NRG1
dis,NRG2
dis,NRG3
dis,NRGN
dis,NRP2
dis,NRTN
dis,NRXN1
dis,NRXN2
dis,NRXN3
dis,NSD1
dis,NSF
dis,NT3
dis,NT5C1A
dis,NTF3
dis,NTF4
dis,NTNG1
dis,NTNG2
dis,NTRK2
dis,NTRK3
dis,NTS
dis,NTSR1
dis,NUCB1
dis,NUFIP2
dis,OFC1
dis,OGDH
dis,OGG1
dis,OGT
dis,OLIG2
dis,OPN1MW
dis,OPN1SW
dis,OPRK1
dis,OPRL1
dis,OR2AG1
dis,OXT
dis,OXTR
dis,P2RY1
dis,PACAP
dis,PAEP
dis,PAFAH1B1
dis,PAH
dis,PAK1
dis,PAK3
dis,PAM
dis,PARK10
dis,PARK16
dis,PARK2
dis,PARK4
dis,PARK7
dis,PARL
dis,PAWR
dis,PAX6
dis,PCDH10
dis,PCDH15
dis,PCDH19
dis,PCLO
dis,PCM1
dis,PCNT
dis,PCSK9
dis,PDE10A
dis,PDE2A
dis,PDE4B
dis,PDE5A
dis,PDE9A
dis,PDIK1L
dis,PDLIM5
dis,PDPK1
dis,PDXDC1
dis,PEBP1
dis,PEG3
dis,PER3
dis,PGAM5
dis,PGC
dis,PGD
dis,PGRMC1
dis,PHF1
dis,PHLDA2
dis,PI4KA
dis,PICALM
dis,PICK1
dis,PID1
dis,PIK3CD
dis,PINK1
dis,PIP4K2A
dis,PITPNM1
dis,PITX1
dis,PITX3
dis,PKD1
dis,PLA2G4A
dis,PLA2G6
dis,PLCB1
dis,PLD3
dis,PLK2
dis,PLTP
dis,PLXNA2
dis,PMEL
dis,PNMT
dis,PNN
dis,POGZ
dis,POLB
dis,POLE4
dis,POLG
dis,POMC
dis,PORCN
dis,POU3F1
dis,PPARGC1A
dis,PPIF
dis,PPIL2
dis,PPL
dis,PPM1D
dis,PPP1R1B
dis,PPP1R2
dis,PPP1R3C
dis,PPP3CC
dis,PPR1
dis,PPY
dis,PRB1
dis,PRD
dis,PRDX5
dis,PRDX6
dis,PREP
dis,PRKAA2
dis,PRKCB
dis,PRKCI
dis,PRKCZ
dis,PRKG1
dis,PRNP
dis,PRODH
dis,PRODH2
dis,PRRT2
dis,PRSS3
dis,PSD
dis,PSEN1
dis,PSEN2
dis,PSENEN
dis,PSIP1
dis,PSMD9
dis,PSME3
dis,PSPN
dis,PTCHD1
dis,PTGDS
dis,PTH2R
dis,PTK2
dis,PTPN4
dis,PTPRZ1
dis,PTS
dis,PVALB
dis,PYY
dis,PZP
dis,QKI
dis,RAB11A
dis,RAB11FIP5
dis,RAB39B
dis,RAB5A
dis,RAB7A
dis,RAB7L1
dis,RANBP9
dis,RAP1A
dis,RAPGEF4
dis,RAPGEF5
dis,RAPGEF6
dis,RASD2
dis,RBFOX1
dis,RBFOX3
dis,RBM8A
dis,RCAN1
dis,RCN1
dis,RELN
dis,REST
dis,RET
dis,RGS2
dis,RGS4
dis,RHOA
dis,RIDA
dis,RIEG2
dis,RIPK1
dis,RIT2
dis,RLN3
dis,RLS
dis,RNF11
dis,RNF216
dis,RNF41
dis,RNY1
dis,ROBO1
dis,ROCK1
dis,RORA
dis,RORB
dis,RPE
dis,RPL10
dis,RPS6KB1
dis,RPTN
dis,RRS1
dis,RTN3
dis,RTN4
dis,RTN4R
dis,S100A10
dis,SCAP
dis,SCARB1
dis,SCARB2
dis,SCD
dis,SCN1A
dis,SCN2A
dis,SCO2
dis,SDC2
dis,SDS
dis,SELENBP1
dis,SEMA5A
dis,SEMA5B
dis,SEPT4
dis,SEPT5
dis,SERPINA3
dis,SERPINB2
dis,SERPINB6
dis,SERPINI1
dis,SETD1A
dis,SETD2
dis,SGCA
dis,SH3GLB1
dis,SHANK1
dis,SHANK2
dis,SHANK3
dis,SHC2
dis,SHH
dis,SIAH1
dis,SIGMAR1
dis,SIRPB1
dis,SIRT2
dis,SIRT3
dis,SKAP2
dis,SLC12A2
dis,SLC12A5
dis,SLC16A1
dis,SLC17A7
dis,SLC18A1
dis,SLC18A2
dis,SLC18A3
dis,SLC1A1
dis,SLC1A2
dis,SLC1A3
dis,SLC1A6
dis,SLC22A12
dis,SLC25A12
dis,SLC25A27
dis,SLC25A3
dis,SLC27A3
dis,SLC27A4
dis,SLC27A5
dis,SLC29A1
dis,SLC2A1
dis,SLC2A3
dis,SLC2A9
dis,SLC33A1
dis,SLC39A8
dis,SLC41A1
dis,SLC6A1
dis,SLC6A2
dis,SLC6A3
dis,SLC6A5
dis,SLC6A8
dis,SLC6A9
dis,SLC7A11
dis,SLC7A2
dis,SLC9A6
dis,SLC9A9
dis,SMARCA2
dis,SMN1
dis,SMOX
dis,SMPD1
dis,SNAP25
dis,SNAP91
dis,SNCA
dis,SNCAIP
dis,SNCB
dis,SNCG
dis,SOAT1
dis,SOD1
dis,SORCS1
dis,SORL1
dis,SORT1
dis,SOX10
dis,SP4
dis,SP6
dis,SPDEF
dis,SPN
dis,SPNS1
dis,SPON1
dis,SPR
dis,SRF
dis,SRR
dis,SRRM4
dis,SSTR1
dis,SSTR4
dis,ST13
dis,ST8SIA2
dis,STAC3
dis,STH
dis,STIP1
dis,STK39
dis,STMN1
dis,STMN2
dis,STX1A
dis,STXBP1
dis,SUCLA2
dis,SULT1A1
dis,SULT2A1
dis,SUMO1
dis,SV2A
dis,SV2C
dis,SYN1
dis,SYN2
dis,SYN3
dis,SYNE1
dis,SYNGAP1
dis,SYNGR1
dis,SYNJ1
dis,SYNM
dis,SYP
dis,SYT1
dis,SYT11
dis,SYVN1
dis,TAAR1
dis,TAC1
dis,TACR1
dis,TAM
dis,TAS2R62P
dis,TAS2R64P
dis,TBC1D8
dis,TBL1XR1
dis,TBP
dis,TBR1
dis,TBX1
dis,TCAP
dis,TCF4
dis,TDO2
dis,TEF
dis,TERT
dis,TFAM
dis,TFCP2
dis,TFEB
dis,TH
dis,THAS
dis,THOP1
dis,TLE1
dis,TMBIM6
dis,TMEFF2
dis,TMEM106B
dis,TMEM175
dis,TMEM230
dis,TMLHE
dis,TNFRSF21
dis,TNNT2
dis,TNXB
dis,TOMM40
dis,TP53INP2
dis,TP73
dis,TPH2
dis,TPPP
dis,TRD
dis,TREM2
dis,TREML2
dis,TRIP13
dis,TRIT1
dis,TRPC1
dis,TRPC3
dis,TRPC4
dis,TRPM2
dis,TRPM3
dis,TSC1
dis,TSC2
dis,TSHZ3
dis,TSNARE1
dis,TSNAX
dis,TSPAN32
dis,TSPAN6
dis,TSPO
dis,TTBK1
dis,TTN
dis,TXNDC15
dis,TYMS
dis,TYR
dis,UBASH3B
dis,UBB
dis,UBE2K
dis,UBE3A
dis,UBQLN1
dis,UBQLN2
dis,UBR4
dis,UBR5
dis,UCHL1
dis,UCN2
dis,UCN3
dis,UCP2
dis,UFD1L
dis,UHMK1
dis,ULK1
dis,USF1
dis,USP24
dis,USP30
dis,USP40
dis,USP46
dis,VASH1
dis,VDAC1
dis,VEGFB
dis,VGF
dis,VIPR2
dis,VLDLR
dis,VPS13C
dis,VRK1
dis,VRK2
dis,VSNL1
dis,WDFY3
dis,WDR3
dis,WFS1
dis,WISP3
dis,WIZ
dis,WNT2
dis,WWC1
dis,XIRP1
dis,XK
dis,XRCC6
dis,YWHAZ
dis,ZDHHC17
dis,ZDHHC8
dis,ZIC2
dis,ZNF354C
dis,ZNF480
dis,ZNF746
dis,ZNF804A
dis,AAK1
dis,AARS
dis,ABCA4
dis,ABCC1
dis,ABCE1
dis,ABHD2
dis,ABHD5
dis,ACE2
dis,ACER3
dis,ACOT1
dis,ACPP
dis,ACRV1
dis,ACSM1
dis,ACSS2
dis,ACTA1
dis,ACTG1
dis,ACTR1A
dis,ACTR2
dis,AD5
dis,ADAP2
dis,ADH1A
dis,ADH5
dis,ADI1
dis,ADK
dis,ADRM1
dis,AFF4
dis,AGFG1
dis,AGO2
dis,AGTR2
dis,AHCY
dis,AIDA
dis,AIFM2
dis,AIRE
dis,AKR1C1
dis,AKR1C3
dis,ALAD
dis,ALDH1L1
dis,ALK
dis,ALKBH1
dis,ALS3
dis,ALYREF
dis,AMD1
dis,AMY2A
dis,ANC
dis,ANK1
dis,ANKRD1
dis,ANP32A
dis,ANTXR1
dis,ANXA13
dis,ANXA4
dis,AOX1
dis,AP2A1
dis,APCDD1
dis,APLNR
dis,APOA5
dis,APOBEC1
dis,APOBEC3A
dis,APOBEC3B
dis,APOBEC3C
dis,APOBEC3D
dis,APOBEC3F
dis,APOBEC3G
dis,APOBEC3H
dis,APOC3
dis,APRT
dis,ARAF
dis,ARAP3
dis,ARCN1
dis,ARF1
dis,ARFIP2
dis,ARFRP1
dis,ARHGEF15
dis,ARHGEF2
dis,ARHGEF26
dis,ARID4B
dis,ARIH1
dis,ARNT
dis,ARPP21
dis,ASGR1
dis,ASPA
dis,ASRGL1
dis,ASZ1
dis,ATAD5
dis,ATP6AP2
dis,ATP6V0A2
dis,ATP6V0C
dis,ATP6V0D1
dis,ATR
dis,AURKA
dis,AXIN1
dis,AXL
dis,AZIN2
dis,B3GNT3
dis,B4GALNT2
dis,BACH1
dis,BAG3
dis,BAG6
dis,BAI1
dis,BANF1
dis,BATF2
dis,BBOX1
dis,BBS9
dis,BCAR1
dis,BCAR3
dis,BCAS3
dis,BCL11B
dis,BCL2L10
dis,BDH1
dis,BIRC3
dis,BMP4
dis,BNC1
dis,BPIFA1
dis,BRD2
dis,BRD4
dis,BRSK1
dis,BRSK2
dis,BSCL2
dis,BST2
dis,BTK
dis,BW4
dis,BZW1
dis,C1QBP
dis,C5ORF27
dis,CACNA2D4
dis,CALCOCO2
dis,CALM1
dis,CALML3
dis,CALU
dis,CANX
dis,CAP1
dis,CASC5
dis,CASD1
dis,CASZ1
dis,CAV2
dis,CBFB
dis,CBLL1
dis,CBX8
dis,CCA1
dis,CCDC8
dis,CCL1
dis,CCL14
dis,CCL22
dis,CCL28
dis,CCL4
dis,CCL4L1
dis,CCL4L2
dis,CCL8
dis,CCND2
dis,CCND3
dis,CCNG1
dis,CCNO
dis,CCNT1
dis,CCR3
dis,CCS
dis,CD101
dis,CD1B
dis,CD207
dis,CD244
dis,CD300A
dis,CD3E
dis,CD46
dis,CD53
dis,CD58
dis,CD59
dis,CD63
dis,CD7
dis,CD81
dis,CD9
dis,CDA
dis,CDB2
dis,CDC123
dis,CDC37
dis,CDC42
dis,CDH17
dis,CDK11B
dis,CDK13
dis,CDK2
dis,CDK20
dis,CDK2AP1
dis,CDK6
dis,CDKN2B
dis,CDKN2D
dis,CDR2
dis,CEBPB
dis,CELIAC2
dis,CENPK
dis,CENPV
dis,CFB
dis,CFL1
dis,CFLAR
dis,CFTR
dis,CH25H
dis,CHAF1B
dis,CHIA
dis,CHMP3
dis,CHMP4B
dis,CHP1
dis,CHRFAM7A
dis,CHRM3
dis,CIITA
dis,CIR1
dis,CLDN23
dis,CLDN4
dis,CLDN6
dis,CLDN9
dis,CLEC10A
dis,CLEC1B
dis,CLEC4A
dis,CLEC4D
dis,CLEC4M
dis,CLEC6A
dis,CLEC9A
dis,CLF
dis,CLK1
dis,CLPP
dis,CLPX
dis,CLSTN2
dis,CLSTN3
dis,CMA1
dis,CMC2
dis,CMD1B
dis,CMPK1
dis,CNBP
dis,CNOT7
dis,CNTN2
dis,COASY
dis,COMMD1
dis,COPG1
dis,COPS5
dis,CPA1
dis,CPD
dis,CPE
dis,CPO
dis,CPOX
dis,CPS1
dis,CPSF1
dis,CPSF4
dis,CPSF6
dis,CPVL
dis,CREB3
dis,CREB5
dis,CRIP3
dis,CRK
dis,CRLF2
dis,CRTC2
dis,CRYL1
dis,CS
dis,CSNK2A1
dis,CTAG1A
dis,CTF1
dis,CTH
dis,CTSA
dis,CTTN
dis,CTTNBP2
dis,CUL9
dis,CXCR1
dis,CYB5A
dis,CYCSP51
dis,CYCSP53
dis,CYLD
dis,CYP11B1
dis,CYP2A6
dis,CYP2A7
dis,CYP2B6
dis,CYP3A4
dis,CYP51A1
dis,DARC
dis,DARS
dis,DCAF7
dis,DCK
dis,DDAH1
dis,DDB1
dis,DDX1
dis,DDX17
dis,DDX21
dis,DDX39B
dis,DDX3X
dis,DDX5
dis,DDX56
dis,DDX58
dis,DDX6
dis,DDX60
dis,DDX60L
dis,DEFA3
dis,DEFB1
dis,DEFB103A
dis,DERL2
dis,DGAT1
dis,DHFR
dis,DHODH
dis,DHPS
dis,DHRS2
dis,DHRS9
dis,DHX16
dis,DHX58
dis,DLL3
dis,DNAH6
dis,DNAJC14
dis,DNAJC3
dis,DNLZ
dis,DNM2
dis,DNMT3A
dis,DNTT
dis,DOHH
dis,DPP3
dis,DPYS
dis,DR1
dis,DROSHA
dis,DSPP
dis,DTYMK
dis,DUOX1
dis,DUSP4
dis,DYNC1H1
dis,DYNLL1
dis,DYNLRB1
dis,EBF1
dis,EBM
dis,ECI1
dis,EDARADD
dis,EDEM1
dis,EED
dis,EEF1E1
dis,EFTUD2
dis,EGFLAM
dis,EIF2S3
dis,EIF3A
dis,EIF3B
dis,EIF3F
dis,EIF3L
dis,EIF4A1
dis,EIF4A2
dis,EIF5A
dis,EIF5B
dis,ELL2
dis,ELMO1
dis,EMP1
dis,EMP2
dis,ENDOV
dis,ENOSF1
dis,ENPP3
dis,EPB41
dis,EPCAM
dis,EPHA6
dis,EPS15
dis,ERAS
dis,ERC1
dis,ERCC3
dis,ERVK-6
dis,ESRRB
dis,ETS2
dis,EWSR1
dis,EXOSC2
dis,EXOSC9
dis,EZR
dis,FABP2
dis,FABP4
dis,FADD
dis,FADS3
dis,FBXL2
dis,FCGR2C
dis,FDFT1
dis,FECH
dis,FGR
dis,FKBP6
dis,FKBP8
dis,FLII
dis,FLNA
dis,FLOT2
dis,FMN1
dis,FMO3
dis,FNBP1L
dis,FNTA
dis,FOLR1
dis,FOXM1
dis,FPR1
dis,FREM1
dis,FRK
dis,FSHR
dis,FTH1
dis,FUT4
dis,FUZ
dis,FXR1
dis,FXR2
dis,FYB
dis,G3BP1
dis,G7P1
dis,GADD45A
dis,GALK1
dis,GALNT3
dis,GBA3
dis,GBF1
dis,GBP2
dis,GBP5
dis,GCDH
dis,GCK
dis,GEMIN2
dis,GEMIN5
dis,GFM1
dis,GGH
dis,GK
dis,GKN2
dis,GLDN
dis,GLI2
dis,GLUD1
dis,GNAS
dis,GNB2L1
dis,GOLGA2
dis,GOLM1
dis,GOLPH3
dis,GOT2
dis,GP5
dis,GP9
dis,GPANK1
dis,GPR161
dis,GPR162
dis,GPR180
dis,GPR4
dis,GPT
dis,GRDX
dis,GRSF1
dis,GTPBP1
dis,GTPBP3
dis,GYPC
dis,GZMB
dis,GZMK
dis,GZMM
dis,H2AFX
dis,H6PD
dis,HAL
dis,HAO1
dis,HAX1
dis,HBB
dis,HBE1
dis,HCK
dis,HDAC1
dis,HDAC11
dis,HDAC8
dis,HDGFRP2
dis,HELZ2
dis,HEMC
dis,HERC5
dis,HEXA
dis,HEXIM1
dis,HEY2
dis,HGD
dis,HGS
dis,HIBADH
dis,HIC1
dis,HIRA
dis,HIST1H1A
dis,HIST1H1C
dis,HISTONE H2A
dis,HISTONE H4
dis,HIVEP1
dis,HLA-DPA1
dis,HLA-DQB1
dis,HM13
dis,HMI
dis,HNF1A
dis,HNF4A
dis,HNRNPA1
dis,HNRNPA2B1
dis,HNRNPAB
dis,HNRNPC
dis,HNRNPD
dis,HNRNPH1
dis,HNRNPK
dis,HNRNPL
dis,HNRNPU
dis,HPD
dis,HPN
dis,HPPD
dis,HPR
dis,HRAS
dis,HRASLS
dis,HRG
dis,HRH1
dis,HRTRT1
dis,HSD17B8
dis,HSD3B1
dis,HSPE1
dis,HTATIP2
dis,HTL
dis,HTN3
dis,HULC
dis,ICA1
dis,ICAM2
dis,IFI6
dis,IFIT1
dis,IFIT2
dis,IFIT3
dis,IFIT5
dis,IFITM1
dis,IFITM2
dis,IFITM3
dis,IFNA14
dis,IFNAR1
dis,IFNGR1
dis,IFNGR2
dis,IFNL3
dis,IFNL4
dis,IFNLR1
dis,IFNR
dis,IFT81
dis,IGES
dis,IGF2BP1
dis,IGF2R
dis,IGH
dis,IGHV1-69
dis,IGKV2-18
dis,IGKV2D-26
dis,IGKV3D-15
dis,IGKV4-1
dis,IGSF1
dis,IGSF8
dis,IKBKG
dis,IL12A
dis,IL12RB1
dis,IL17RC
dis,IL27RA
dis,IL28A
dis,IL29
dis,IL2RG
dis,ILF2
dis,ILF3
dis,ILVBL
dis,IMMP1L
dis,INPPL1
dis,INTS6
dis,IPPK
dis,IQGAP1
dis,IRF9
dis,ISCU
dis,ISG15
dis,ISG20
dis,ITGAV
dis,ITK
dis,ITPA
dis,IV
dis,IVD
dis,JMJD6
dis,KAL1
dis,KAP
dis,KAT2B
dis,KCNB1
dis,KCNH1
dis,KCNN1
dis,KCTD9
dis,KDM1A
dis,KDM5B
dis,KIAA0226
dis,KIF22
dis,KIF5B
dis,KIFC3
dis,KIR2DS1
dis,KIR2DS3
dis,KIR2DS4
dis,KIR3DS1
dis,KIT
dis,KLF6
dis,KLHL1
dis,KLHL2
dis,KLHL40
dis,KLRC1
dis,KPNA1
dis,KPNA5
dis,KRR1
dis,KRT12
dis,KRT18
dis,KRT20
dis,KRT31
dis,KRT32
dis,KRT81
dis,KRTAP1-1
dis,KYNU
dis,LAG3
dis,LAMP3
dis,LAMTOR5
dis,LANCL2
dis,LARS2
dis,LCK
dis,LCS1
dis,LDHD
dis,LECT1
dis,LEF1
dis,LEO1
dis,LGALS4
dis,LILRB1
dis,LIN28B
dis,LIN9
dis,LIPB
dis,LIPE
dis,LIPI
dis,LIPM
dis,LMLN
dis,LONP1
dis,LPHN1
dis,LPO
dis,LPP
dis,LRRFIP1
dis,LRSAM1
dis,LSM1
dis,LSR
dis,LTA4H
dis,LUC7L3
dis,LUM
dis,LY6E
dis,LY96
dis,LYPD5
dis,LYPLA1
dis,MAF
dis,MAGT1
dis,MAK
dis,MALAT1
dis,MALT1
dis,MAN2B1
dis,MANEA
dis,MAP2K1
dis,MAP2K2
dis,MAP4
dis,MAPKAPK2
dis,MARCO
dis,MARS
dis,MBD3
dis,MBL3P
dis,MCF2L2
dis,MCM8
dis,MCM9
dis,MDFIC
dis,MDH2
dis,MED28
dis,METTL3
dis,METTL7A
dis,MFAP4
dis,MFN1
dis,MIOX
dis,MIR1-1
dis,MIR122
dis,MIR1236
dis,MIR125A
dis,MIR1269B
dis,MIR130A
dis,MIR140
dis,MIR141
dis,MIR15B
dis,MIR17
dis,MIR17HG
dis,MIR181C
dis,MIR193B
dis,MIR200A
dis,MIR204
dis,MIR208B
dis,MIR210
dis,MIR215
dis,MIR222
dis,MIR223
dis,MIR224
dis,MIR26B
dis,MIR27A
dis,MIR296
dis,MIR29B2
dis,MIR30B
dis,MIR331
dis,MIR3614
dis,MIR367
dis,MIR372
dis,MIR373
dis,MIR375
dis,MIR3928
dis,MIR448
dis,MIR449A
dis,MIR484
dis,MIR501
dis,MIR545
dis,MIR604
dis,MIR638
dis,MIR744
dis,MIR942
dis,MIRLET7B
dis,MIRLET7C
dis,MIRLET7G
dis,MKNK1
dis,MLN
dis,MMAB
dis,MNT
dis,MOGAT2
dis,MORF4
dis,MOV10
dis,MPG
dis,MPL
dis,MR1
dis,MSD
dis,MSLN
dis,MSRB2
dis,MT2A
dis,MT4
dis,MT-CYB
dis,MTDH
dis,MTM1
dis,MTMR11
dis,MTRNR2L10
dis,MTTP
dis,MTUS1
dis,MX2
dis,MYB
dis,MYH9
dis,MYL4
dis,MYLK3
dis,MYO10
dis,MYO1G
dis,MYO6
dis,NADK
dis,NAF1
dis,NAGA
dis,NAGK
dis,NAGS
dis,NANOG
dis,NAP1L1
dis,NAP1L4
dis,NARFL
dis,NAT1
dis,NBPF15
dis,NCAPG2
dis,NCR2
dis,NCR3
dis,NDRG1
dis,NDUFA13
dis,NDUFA2
dis,NELF
dis,NELFE
dis,NEU2
dis,NFAT5
dis,NFATC2
dis,NFS1
dis,NLRC4
dis,NLRP12
dis,NLRP7
dis,NLRX1
dis,NME2P1
dis,NME4
dis,NMT1
dis,NNT
dis,NOC2L
dis,NPC1L1
dis,NPCDR1
dis,NPHS1
dis,NPL
dis,NPM1
dis,NPPC
dis,NPR1
dis,NPR3
dis,NR0B2
dis,NR1D2
dis,NR1H4
dis,NR2F1
dis,NR4A3
dis,NR5A2
dis,NS2
dis,NSL1
dis,NSUN5
dis,NT5E
dis,NUP153
dis,NUP98
dis,NXF1
dis,NXT1
dis,OAS1
dis,OAS3
dis,OASL
dis,OBP2A
dis,OLFM4
dis,OPLAH
dis,OPRD1
dis,OPTN
dis,OR10A4
dis,OSBP
dis,OSBP2
dis,OTC
dis,OTOR
dis,OVGP1
dis,P2RY12
dis,P4HB
dis,PA2G4
dis,PABPC1
dis,PABPC4
dis,PAF1
dis,PAK2
dis,PANX1
dis,PAOX
dis,PARPBP
dis,PAX2
dis,PC
dis,PCBD1
dis,PCBP1
dis,PCBP2
dis,PCF11
dis,PCK1
dis,PCK2
dis,PCSK5
dis,PCSK7
dis,PDCD1LG2
dis,PDCD6IP
dis,PDE6D
dis,PDE8A
dis,PDIA2
dis,PDLIM7
dis,PDP1
dis,PDPN
dis,PDR
dis,PDS5B
dis,PDSS1
dis,PDXK
dis,PDXP
dis,PDZK1
dis,PEPB
dis,PEPE
dis,PER1
dis,PFAS
dis,PFDN1
dis,PFN2
dis,PGP
dis,PGPEP1
dis,PHB
dis,PHF12
dis,PHGDH
dis,PHIP
dis,PI4KB
dis,PIAS2
dis,PIEZO1
dis,PIKFYVE
dis,PIM1
dis,PIP
dis,PKLR
dis,PKM
dis,PKN2
dis,PLA1A
dis,PLA2G2A
dis,PLA2G2D
dis,PLB1
dis,PLEKHA8
dis,PLEKHF1
dis,PLIN3
dis,PLK1
dis,PLP1
dis,PLSCR1
dis,PMAIP1
dis,PNMA3
dis,PNP
dis,PNPLA3
dis,PNPT1
dis,POLD4
dis,POLE3
dis,POLI
dis,POLR2E
dis,POR
dis,POU5F1
dis,PPA1
dis,PPEF1
dis,PPIB
dis,PPOX
dis,PPP1R14B
dis,PPP1R15A
dis,PPP1R42
dis,PPP1R8
dis,PPP5C
dis,PPT2
dis,PRF1
dis,PRKAR1A
dis,PRKCSH
dis,PRKDC
dis,PRMT1
dis,PRMT6
dis,PRNT
dis,PROCR
dis,PROM1
dis,PRPH2
dis,PRSS21
dis,PRSS27
dis,PRX
dis,PSCA
dis,PSG5
dis,PSMA7
dis,PSMB9
dis,PSMC5
dis,PSMC6
dis,PSMD10
dis,PSPH
dis,PTBP2
dis,PTCH1
dis,PTMA
dis,PTPN6
dis,PTPRA
dis,PTPRU
dis,PURA
dis,PVR
dis,PVRL1
dis,PVRL4
dis,RA2
dis,RAB14
dis,RAB18
dis,RAB1A
dis,RAB27A
dis,RAB32
dis,RAB4A
dis,RAB6A
dis,RAB9A
dis,RAD51B
dis,RAG1
dis,RANBP2
dis,RANBP3
dis,RAPGEF3
dis,RASGRF1
dis,RB1
dis,RB1CC1
dis,RBM22
dis,RBM5
dis,RBMS1
dis,RBP4
dis,RCHY1
dis,RCOR3
dis,RDX
dis,REEP5
dis,RELA
dis,RELB
dis,RELT
dis,REM1
dis,REV1
dis,REXO1L1
dis,RGMA
dis,RHO
dis,RHOF
dis,RIT1
dis,RMST
dis,RN7SK
dis,RN7SL1
dis,RNASE1
dis,RNASEK
dis,RNASEL
dis,RNF115
dis,RNF7
dis,RP1
dis,RPA1
dis,RPAIN
dis,RPL22
dis,RPL41
dis,RPL7A
dis,RPPH1
dis,RPS2
dis,RPS5
dis,RPS6KB3
dis,RRM2
dis,RSAD2
dis,RSL1D1
dis,RUVBL2
dis,RWS
dis,S1PR2
dis,SACM1L
dis,SACS
dis,SALL1
dis,SAMD9L
dis,SAMHD1
dis,SARM1
dis,SARS
dis,SART1
dis,SAT1
dis,SCA29
dis,SCAMP3
dis,SCD5
dis,SCLT1
dis,SCNN1A
dis,SCP2
dis,SCPEP1
dis,SDHB
dis,SDHD
dis,SDTY1
dis,SEC14L2
dis,SENP7
dis,SENP8
dis,SEPT9
dis,SERINC3
dis,SERINC5
dis,SERPINA7
dis,SERPINB1
dis,SERPINB4
dis,SERPIND1
dis,SETD1B
dis,SETDB1
dis,SETDB2
dis,SEZ6L2
dis,SFPQ
dis,SFRP1
dis,SFTPA1
dis,SFTPA2
dis,SFTPC
dis,SFTPD
dis,SGK1
dis,SH2B1
dis,SH2D3A
dis,SH2D3C
dis,SH3RF1
dis,SHFM1
dis,SHISA5
dis,SHMT2
dis,SIGLEC7
dis,SIRT7
dis,SKIV2L
dis,SKP1
dis,SKP2
dis,SLA
dis,SLAMF6
dis,SLC10A1
dis,SLC10A2
dis,SLC26A3
dis,SLC26A8
dis,SLC38A2
dis,SLC39A1
dis,SLC39A2
dis,SLC40A1
dis,SLC44A4
dis,SLC5A5
dis,SLC6A12
dis,SLC7A5
dis,SLC9A3R1
dis,SLFN11
dis,SLIT2
dis,SLN
dis,SLURP1
dis,SMARCA1
dis,SMARCB1
dis,SMC5
dis,SMO
dis,SMOC1
dis,SMPD2
dis,SMS
dis,SMYD3
dis,SNAPIN
dis,SNX18
dis,SOCS2
dis,SOCS4
dis,SORD
dis,SOX4
dis,SP2
dis,SPCS3
dis,SPEG
dis,SPI1
dis,SRC
dis,SREBF2
dis,SRFBP1
dis,SRM
dis,SRPK2
dis,SRSF6
dis,SRY
dis,SSAV1
dis,SSPN
dis,ST14
dis,ST6GAL1
dis,STAT2
dis,STAT5B
dis,STATH
dis,STL
dis,STT3A
dis,STT3B
dis,STX2
dis,STX8
dis,SUB1
dis,SULT1A3
dis,SUMF2
dis,SUN1
dis,SUN2
dis,SUPT5H
dis,SYCN
dis,SYNCRIP
dis,SYNPO
dis,TAF1B
dis,TAF8
dis,TAPBP
dis,TARBP1
dis,TARBP2
dis,TARBP2P
dis,TAS2R38
dis,TAS2R63P
dis,TAX1BP1
dis,TBC1D20
dis,TBC1D24
dis,TBX22
dis,TCERG1
dis,TCF15
dis,TCN1
dis,TCOF1
dis,TDP2
dis,TECPR1
dis,TEKT5
dis,TEP1
dis,TERF1
dis,TET1
dis,TFP1
dis,TGDS
dis,TGS1
dis,TIA1
dis,TICAM1
dis,TIRAP
dis,TJAP1
dis,TLN1
dis,TLR10
dis,TLR6
dis,TMED3
dis,TMEM173
dis,TMEM37
dis,TMPRSS11D
dis,TMPRSS13
dis,TMPRSS2
dis,TMPRSS4
dis,TMSB4X
dis,TNFRSF10D
dis,TNFRSF8
dis,TNFSF13
dis,TNFSF9
dis,TNPO1
dis,TNPO3
dis,TNS3
dis,TOE1
dis,TOLLIP
dis,TP63
dis,TPCN2
dis,TPI1
dis,TPPP2
dis,TPR
dis,TPSG1
dis,TRAF2
dis,TRB
dis,TRDMT1
dis,TREH
dis,TRGV2
dis,TRIM11
dis,TRIM22
dis,TRIM25
dis,TRIM28
dis,TRIM32
dis,TRIM41
dis,TRIM5
dis,TRIM52
dis,TRIM54
dis,TRIM56
dis,TRIM63
dis,TRIP11
dis,TRNAE1
dis,TSFM
dis,TSG101
dis,TSPYL2
dis,TUBA1B
dis,TWSG1
dis,TXNDC5
dis,TYMP
dis,UBA7
dis,UBAC1
dis,UBAP1
dis,UBE2I
dis,UBE2V1
dis,UBP1
dis,UGT1A1
dis,UHRF2
dis,UMOD
dis,UMPS
dis,UNC119
dis,UNC5A
dis,UNG
dis,UPF1
dis,URI1
dis,UROC1
dis,USP11
dis,USP18
dis,USP47
dis,UVRAG
dis,VAC14
dis,VAPA
dis,VAPB
dis,VASP
dis,VCL
dis,VENTXP1
dis,VIM2P
dis,VIPR1
dis,VN1R2
dis,VNN2
dis,VPRBP
dis,VPS4A
dis,VTN
dis,WASF2
dis,WASL
dis,WFDC1
dis,WIPI2
dis,WLS
dis,WNT11
dis,WNT3A
dis,WSN
dis,WT1
dis,XCL1
dis,XCR1
dis,XDH
dis,XIAP
dis,XIST
dis,XPC
dis,XPO1
dis,XRCC5
dis,XRN1
dis,XRN2
dis,XS
dis,YAP1
dis,YBEY
dis,YES1
dis,YME1L1
dis,YY1
dis,YY1AP1
dis,ZAP70
dis,ZAR1
dis,ZBTB7A
dis,ZC3H12A
dis,ZC3HAV1
dis,ZDHHC2
dis,ZEB2
dis,ZHX2
dis,ZNF175
dis,ZNF2
dis,ZNF384
dis,ZNF569
dis,ZNF85
dis,ZNRD1
dis,ZNRD1-AS1
