Id,Label,Class,Size,Dis_class
A2M, ,GENE,1, 
AAVS1, ,GENE,1, 
ABCA1, ,GENE,1, 
ABCB1, ,GENE,1, 
ABCD1, ,GENE,1, 
ACACA, ,GENE,1, 
ACAN, ,GENE,1, 
ACAT2, ,GENE,1, 
ACE, ,GENE,1, 
ACKR2, ,GENE,1, 
ACLY, ,GENE,1, 
ACO1, ,GENE,1, 
ACP1, ,GENE,1, 
ACSM3, ,GENE,1, 
ACTA2, ,GENE,1, 
ACTB, ,GENE,1, 
ACTH, ,GENE,1, 
ADA, ,GENE,1, 
ADAM17, ,GENE,1, 
ADAM23, ,GENE,1, 
ADAM33, ,GENE,1, 
ADAMTS12, ,GENE,1, 
ADAMTS13, ,GENE,1, 
ADAMTS4, ,GENE,1, 
ADAMTS5, ,GENE,1, 
ADAMTS7, ,GENE,1, 
ADAMTSL5, ,GENE,1, 
ADAR, ,GENE,1, 
ADCY1, ,GENE,1, 
ADCYAP1, ,GENE,1, 
ADIPOQ, ,GENE,1, 
ADM, ,GENE,1, 
ADORA2A, ,GENE,1, 
ADRB2, ,GENE,1, 
ADRBK1, ,GENE,1, 
AFF1, ,GENE,1, 
AFP, ,GENE,1, 
AGTR1, ,GENE,1, 
AHR, ,GENE,1, 
AHSG, ,GENE,1, 
AICDA, ,GENE,1, 
AIM2, ,GENE,1, 
AIS, ,GENE,1, 
AKR1B10, ,GENE,1, 
AKT1, ,GENE,1, 
ALB, ,GENE,1, 
ALDH2, ,GENE,1, 
ALOX12, ,GENE,1, 
ALOX15, ,GENE,1, 
ALOX5, ,GENE,1, 
ALPI, ,GENE,1, 
ALPL, ,GENE,1, 
AMIGO2, ,GENE,1, 
ANG, ,GENE,1, 
ANGIOTENSIN II, ,GENE,1, 
ANGPT1, ,GENE,1, 
ANGPT2, ,GENE,1, 
ANGPTL6, ,GENE,1, 
ANKH, ,GENE,1, 
ANPEP, ,GENE,1, 
ANTXR2, ,GENE,1, 
ANXA1, ,GENE,1, 
ANXA11, ,GENE,1, 
ANXA2, ,GENE,1, 
ANXA5, ,GENE,1, 
AOC1, ,GENE,1, 
APOA1, ,GENE,1, 
APOB, ,GENE,1, 
APOE, ,GENE,1, 
APOH, ,GENE,1, 
APOL1, ,GENE,1, 
APOM, ,GENE,1, 
APP, ,GENE,1, 
APTX, ,GENE,1, 
AQP1, ,GENE,1, 
AQP3, ,GENE,1, 
AQP4, ,GENE,1, 
AQP5, ,GENE,1, 
AR, ,GENE,1, 
AREG, ,GENE,1, 
ARG1, ,GENE,1, 
ARSD, ,GENE,1, 
ARTN, ,GENE,1, 
ASIC3, ,GENE,1, 
ASPG, ,GENE,1, 
ATF4, ,GENE,1, 
ATG16L1, ,GENE,1, 
ATG5, ,GENE,1, 
ATP6V0A4, ,GENE,1, 
ATP6V1H, ,GENE,1, 
AVP, ,GENE,1, 
B2M, ,GENE,1, 
B3GAT1, ,GENE,1, 
BANK1, ,GENE,1, 
BAX, ,GENE,1, 
BCHE, ,GENE,1, 
BCKDHA, ,GENE,1, 
BCL2, ,GENE,1, 
BCL2L1, ,GENE,1, 
BCL2L11, ,GENE,1, 
BCR, ,GENE,1, 
BDKRB1, ,GENE,1, 
BDNF, ,GENE,1, 
BECN1, ,GENE,1, 
BGLAP, ,GENE,1, 
BIRC5, ,GENE,1, 
BLK, ,GENE,1, 
BMI1, ,GENE,1, 
BMP2, ,GENE,1, 
BMP3, ,GENE,1, 
BMP6, ,GENE,1, 
BMP7, ,GENE,1, 
BP1, ,GENE,1, 
BPI, ,GENE,1, 
BPIFA2, ,GENE,1, 
BSG, ,GENE,1, 
BTF3P11, ,GENE,1, 
BTLA, ,GENE,1, 
BTNL2, ,GENE,1, 
BW52, ,GENE,1, 
C10ORF54, ,GENE,1, 
C10ORF67, ,GENE,1, 
C18ORF8, ,GENE,1, 
C19ORF10, ,GENE,1, 
C1ORF228, ,GENE,1, 
C1QTNF6, ,GENE,1, 
C1R, ,GENE,1, 
C1S, ,GENE,1, 
C2, ,GENE,1, 
C3, ,GENE,1, 
C3AR1, ,GENE,1, 
C4A, ,GENE,1, 
C4B, ,GENE,1, 
C5, ,GENE,1, 
C5AR1, ,GENE,1, 
C9ORF3, ,GENE,1, 
CA1, ,GENE,1, 
CA2, ,GENE,1, 
CA5A, ,GENE,1, 
CABIN1, ,GENE,1, 
CALCR, ,GENE,1, 
CALR, ,GENE,1, 
CAMP, ,GENE,1, 
CARD14, ,GENE,1, 
CARD8, ,GENE,1, 
CARD9, ,GENE,1, 
CARS, ,GENE,1, 
CARS2, ,GENE,1, 
CASP1, ,GENE,1, 
CASP10, ,GENE,1, 
CASP14, ,GENE,1, 
CASP3, ,GENE,1, 
CASP8, ,GENE,1, 
CASR, ,GENE,1, 
CAT, ,GENE,1, 
CAV1, ,GENE,1, 
CBS, ,GENE,1, 
CCDC183, ,GENE,1, 
CCHCR1, ,GENE,1, 
CCL11, ,GENE,1, 
CCL13, ,GENE,1, 
CCL16, ,GENE,1, 
CCL17, ,GENE,1, 
CCL18, ,GENE,1, 
CCL19, ,GENE,1, 
CCL2, ,GENE,1, 
CCL20, ,GENE,1, 
CCL21, ,GENE,1, 
CCL25, ,GENE,1, 
CCL26, ,GENE,1, 
CCL3, ,GENE,1, 
CCL3L1, ,GENE,1, 
CCL5, ,GENE,1, 
CCL7, ,GENE,1, 
CCND1, ,GENE,1, 
CCR1, ,GENE,1, 
CCR10, ,GENE,1, 
CCR2, ,GENE,1, 
CCR4, ,GENE,1, 
CCR5, ,GENE,1, 
CCR6, ,GENE,1, 
CCR7, ,GENE,1, 
CCR9, ,GENE,1, 
CCT4, ,GENE,1, 
CD109, ,GENE,1, 
CD14, ,GENE,1, 
CD163, ,GENE,1, 
CD180, ,GENE,1, 
CD19, ,GENE,1, 
CD1A, ,GENE,1, 
CD1C, ,GENE,1, 
CD1D, ,GENE,1, 
CD2, ,GENE,1, 
CD200, ,GENE,1, 
CD200R1, ,GENE,1, 
CD209, ,GENE,1, 
CD22, ,GENE,1, 
CD226, ,GENE,1, 
CD24, ,GENE,1, 
CD247, ,GENE,1, 
CD248, ,GENE,1, 
CD27, ,GENE,1, 
CD274, ,GENE,1, 
CD276, ,GENE,1, 
CD28, ,GENE,1, 
CD34, ,GENE,1, 
CD38, ,GENE,1, 
CD4, ,GENE,1, 
CD40, ,GENE,1, 
CD40LG, ,GENE,1, 
CD44, ,GENE,1, 
CD5, ,GENE,1, 
CD55, ,GENE,1, 
CD6, ,GENE,1, 
CD68, ,GENE,1, 
CD69, ,GENE,1, 
CD70, ,GENE,1, 
CD72, ,GENE,1, 
CD74, ,GENE,1, 
CD79A, ,GENE,1, 
CD80, ,GENE,1, 
CD83, ,GENE,1, 
CD86, ,GENE,1, 
CD8A, ,GENE,1, 
CD97, ,GENE,1, 
CDH1, ,GENE,1, 
CDH11, ,GENE,1, 
CDK5, ,GENE,1, 
CDK5R1, ,GENE,1, 
CDK5R2, ,GENE,1, 
CDK9, ,GENE,1, 
CDKN1A, ,GENE,1, 
CDKN2A, ,GENE,1, 
CDR1, ,GENE,1, 
CDR3, ,GENE,1, 
CDSN, ,GENE,1, 
CDX2, ,GENE,1, 
CEACAM1, ,GENE,1, 
CEACAM5, ,GENE,1, 
CEACAM6, ,GENE,1, 
CEBPZ, ,GENE,1, 
CEL, ,GENE,1, 
CENPA, ,GENE,1, 
CFH, ,GENE,1, 
CFI, ,GENE,1, 
CFP, ,GENE,1, 
CHGA, ,GENE,1, 
CHI3L1, ,GENE,1, 
CHI3L2, ,GENE,1, 
CHUK, ,GENE,1, 
CIC, ,GENE,1, 
CIMT, ,GENE,1, 
CISH, ,GENE,1, 
CIT, ,GENE,1, 
CKAP4, ,GENE,1, 
CKLF, ,GENE,1, 
CLCN7, ,GENE,1, 
CLDN1, ,GENE,1, 
CLDN11, ,GENE,1, 
CLDN2, ,GENE,1, 
CLEC12A, ,GENE,1, 
CLEC16A, ,GENE,1, 
CLEC4C, ,GENE,1, 
CLEC5A, ,GENE,1, 
CLEC7A, ,GENE,1, 
CLU, ,GENE,1, 
CNOT3, ,GENE,1, 
CNR1, ,GENE,1, 
CNR2, ,GENE,1, 
CNTNAP3, ,GENE,1, 
COL1A1, ,GENE,1, 
COL1A2, ,GENE,1, 
COL2A1, ,GENE,1, 
COMP, ,GENE,1, 
COMT, ,GENE,1, 
CORT, ,GENE,1, 
CP, ,GENE,1, 
CPB2, ,GENE,1, 
CR1, ,GENE,1, 
CR2, ,GENE,1, 
CREG1, ,GENE,1, 
CREM, ,GENE,1, 
CRH, ,GENE,1, 
CRHR1, ,GENE,1, 
CRISP3, ,GENE,1, 
CRP, ,GENE,1, 
CSDA, ,GENE,1, 
CSE, ,GENE,1, 
CSF1, ,GENE,1, 
CSF1R, ,GENE,1, 
CSF2, ,GENE,1, 
CSF3, ,GENE,1, 
CSK, ,GENE,1, 
CST3, ,GENE,1, 
CST4, ,GENE,1, 
CTGF, ,GENE,1, 
CTHRC1, ,GENE,1, 
CTLA4, ,GENE,1, 
CTNNB1, ,GENE,1, 
CTSB, ,GENE,1, 
CTSC, ,GENE,1, 
CTSG, ,GENE,1, 
CTSH, ,GENE,1, 
CTSK, ,GENE,1, 
CTSL, ,GENE,1, 
CTSS, ,GENE,1, 
CX3CL1, ,GENE,1, 
CX3CR1, ,GENE,1, 
CXCL1, ,GENE,1, 
CXCL10, ,GENE,1, 
CXCL11, ,GENE,1, 
CXCL12, ,GENE,1, 
CXCL13, ,GENE,1, 
CXCL16, ,GENE,1, 
CXCL2, ,GENE,1, 
CXCL5, ,GENE,1, 
CXCL9, ,GENE,1, 
CXCR2, ,GENE,1, 
CXCR3, ,GENE,1, 
CXCR4, ,GENE,1, 
CXCR5, ,GENE,1, 
CXCR6, ,GENE,1, 
CYBB, ,GENE,1, 
CYCLIN E, ,GENE,1, 
CYCS, ,GENE,1, 
CYP1A1, ,GENE,1, 
CYP27A1, ,GENE,1, 
CYP2D6, ,GENE,1, 
CYP3A, ,GENE,1, 
CYR61, ,GENE,1, 
DAG1, ,GENE,1, 
DAP, ,GENE,1, 
DBP, ,GENE,1, 
DCN, ,GENE,1, 
DDIT3, ,GENE,1, 
DDOST, ,GENE,1, 
DDR2, ,GENE,1, 
DDX46, ,GENE,1, 
DEFA1, ,GENE,1, 
DEFA5, ,GENE,1, 
DEFB104A, ,GENE,1, 
DEFB4A, ,GENE,1, 
DEK, ,GENE,1, 
DHS, ,GENE,1, 
DHX9, ,GENE,1, 
DKK1, ,GENE,1, 
DLG5, ,GENE,1, 
DLL1, ,GENE,1, 
DMBT1, ,GENE,1, 
DNAJC5, ,GENE,1, 
DNASE1, ,GENE,1, 
DNASE1L3, ,GENE,1, 
DNASE2, ,GENE,1, 
DNMT1, ,GENE,1, 
DPEP1, ,GENE,1, 
DPP4, ,GENE,1, 
DRD2, ,GENE,1, 
DUSP1, ,GENE,1, 
DUSP2, ,GENE,1, 
DUSP22, ,GENE,1, 
DUT, ,GENE,1, 
DYT10, ,GENE,1, 
E2F1, ,GENE,1, 
EBI3, ,GENE,1, 
ECD, ,GENE,1, 
EDN1, ,GENE,1, 
EDNRA, ,GENE,1, 
EEF1A1, ,GENE,1, 
EFNA2, ,GENE,1, 
EGF, ,GENE,1, 
EGFL7, ,GENE,1, 
EGFR, ,GENE,1, 
EGLN1, ,GENE,1, 
EGR1, ,GENE,1, 
EGR2, ,GENE,1, 
EIF2A, ,GENE,1, 
EIF2AK1, ,GENE,1, 
EIF2AK4, ,GENE,1, 
EIF2S1, ,GENE,1, 
EIM, ,GENE,1, 
ELANE, ,GENE,1, 
ELAVL1, ,GENE,1, 
ELF3, ,GENE,1, 
ELK1, ,GENE,1, 
ELN, ,GENE,1, 
ELOVL6, ,GENE,1, 
EMB, ,GENE,1, 
EMD, ,GENE,1, 
ENG, ,GENE,1, 
ENO1, ,GENE,1, 
ENPEP, ,GENE,1, 
ENPP2, ,GENE,1, 
ENTPD1, ,GENE,1, 
EP300, ,GENE,1, 
EPAS1, ,GENE,1, 
EPHA2, ,GENE,1, 
EPHB2, ,GENE,1, 
EPO, ,GENE,1, 
EPOR, ,GENE,1, 
EPX, ,GENE,1, 
ERAP1, ,GENE,1, 
ERAP2, ,GENE,1, 
ERBB2, ,GENE,1, 
ERI1, ,GENE,1, 
ERVW-4, ,GENE,1, 
ESAT, ,GENE,1, 
ESR1, ,GENE,1, 
ESR2, ,GENE,1, 
ESRRA, ,GENE,1, 
ETS1, ,GENE,1, 
ETV3, ,GENE,1, 
EVA1C, ,GENE,1, 
EXOSC1, ,GENE,1, 
EXOSC10, ,GENE,1, 
EZH2, ,GENE,1, 
F10, ,GENE,1, 
F12, ,GENE,1, 
F2, ,GENE,1, 
F2R, ,GENE,1, 
F2RL1, ,GENE,1, 
F2RL3, ,GENE,1, 
F3, ,GENE,1, 
F5, ,GENE,1, 
F8, ,GENE,1, 
FABP5, ,GENE,1, 
FAP, ,GENE,1, 
FAS, ,GENE,1, 
FASLG, ,GENE,1, 
FBL, ,GENE,1, 
FBN1, ,GENE,1, 
FCAR, ,GENE,1, 
FCER2, ,GENE,1, 
FCGR1A, ,GENE,1, 
FCGR2A, ,GENE,1, 
FCGR2B, ,GENE,1, 
FCGR3A, ,GENE,1, 
FCGR3B, ,GENE,1, 
FCGRT, ,GENE,1, 
FCN2, ,GENE,1, 
FCN3, ,GENE,1, 
FCRL3, ,GENE,1, 
FDPS, ,GENE,1, 
FFAR2, ,GENE,1, 
FFAR4, ,GENE,1, 
FGF10, ,GENE,1, 
FGF2, ,GENE,1, 
FGF21, ,GENE,1, 
FGF23, ,GENE,1, 
FGF7, ,GENE,1, 
FGFR1, ,GENE,1, 
FGFR3, ,GENE,1, 
FHIT, ,GENE,1, 
FHL2, ,GENE,1, 
FKBP11, ,GENE,1, 
FLG, ,GENE,1, 
FLI1, ,GENE,1, 
FLT1, ,GENE,1, 
FLT3, ,GENE,1, 
FLT3LG, ,GENE,1, 
FLVCR1, ,GENE,1, 
FN1, ,GENE,1, 
FNDC5, ,GENE,1, 
FOS, ,GENE,1, 
FOSL1, ,GENE,1, 
FOSL2, ,GENE,1, 
FOXO1, ,GENE,1, 
FOXO3, ,GENE,1, 
FOXP3, ,GENE,1, 
FST, ,GENE,1, 
FSTL1, ,GENE,1, 
FUT1, ,GENE,1, 
FUT2, ,GENE,1, 
FUT3, ,GENE,1, 
FXN, ,GENE,1, 
FZD8, ,GENE,1, 
G6PD, ,GENE,1, 
GABRP, ,GENE,1, 
GAPDH, ,GENE,1, 
GAS5, ,GENE,1, 
GAS6, ,GENE,1, 
GAST, ,GENE,1, 
GATA3, ,GENE,1, 
GBP1, ,GENE,1, 
GC, ,GENE,1, 
GCG, ,GENE,1, 
GDF11, ,GENE,1, 
GDF15, ,GENE,1, 
GGTLC1, ,GENE,1, 
GH1, ,GENE,1, 
GHR, ,GENE,1, 
GHRL, ,GENE,1, 
GHSR, ,GENE,1, 
GIF, ,GENE,1, 
GIP, ,GENE,1, 
GJB2, ,GENE,1, 
GLB1, ,GENE,1, 
GLP1R, ,GENE,1, 
GLS, ,GENE,1, 
GNAQ, ,GENE,1, 
GOPC, ,GENE,1, 
GP2, ,GENE,1, 
GPBAR1, ,GENE,1, 
GPER1, ,GENE,1, 
GPI, ,GENE,1, 
GPR35, ,GENE,1, 
GPRIN1, ,GENE,1, 
GPX1, ,GENE,1, 
GPX2, ,GENE,1, 
GRK6, ,GENE,1, 
GRN, ,GENE,1, 
GSK3B, ,GENE,1, 
GSN, ,GENE,1, 
GSTM1, ,GENE,1, 
GSTT1, ,GENE,1, 
GUCA2A, ,GENE,1, 
GUCA2B, ,GENE,1, 
GUCY2C, ,GENE,1, 
GUSB, ,GENE,1, 
GYPA, ,GENE,1, 
GZMA, ,GENE,1, 
H19, ,GENE,1, 
H3F3AP4, ,GENE,1, 
HAMP, ,GENE,1, 
HAVCR1, ,GENE,1, 
HAVCR2, ,GENE,1, 
HBG2, ,GENE,1, 
HBM, ,GENE,1, 
HDAC, ,GENE,1, 
HDAC3, ,GENE,1, 
HGF, ,GENE,1, 
HIF1A, ,GENE,1, 
HISTONE H1, ,GENE,1, 
HISTONE H2B, ,GENE,1, 
HK1, ,GENE,1, 
HLA-A, ,GENE,1, 
HLA-B, ,GENE,1, 
HLA-C, ,GENE,1, 
HLA-DMA, ,GENE,1, 
HLA-DPB1, ,GENE,1, 
HLA-DQA1, ,GENE,1, 
HLA-DRB1, ,GENE,1, 
HLA-DRB3, ,GENE,1, 
HLA-DRB4, ,GENE,1, 
HLA-DRB5, ,GENE,1, 
HLA-E, ,GENE,1, 
HLA-G, ,GENE,1, 
HMGB1, ,GENE,1, 
HMGB2, ,GENE,1, 
HMOX1, ,GENE,1, 
HP, ,GENE,1, 
HPGDS, ,GENE,1, 
HPSE, ,GENE,1, 
HRH4, ,GENE,1, 
HSD11B1, ,GENE,1, 
HSD11B2, ,GENE,1, 
HSP90AA1, ,GENE,1, 
HSP90AB1, ,GENE,1, 
HSP90B1, ,GENE,1, 
HSP90B2P, ,GENE,1, 
HSPA2, ,GENE,1, 
HSPA4, ,GENE,1, 
HSPA5, ,GENE,1, 
HSPB3, ,GENE,1, 
HSPD1, ,GENE,1, 
HT, ,GENE,1, 
HTR1A, ,GENE,1, 
HTR2A, ,GENE,1, 
HTRA1, ,GENE,1, 
IBD3, ,GENE,1, 
IBD5, ,GENE,1, 
IBSP, ,GENE,1, 
ICAM1, ,GENE,1, 
ICAM3, ,GENE,1, 
ICOS, ,GENE,1, 
ICOSLG, ,GENE,1, 
ID1, ,GENE,1, 
ID3, ,GENE,1, 
IDO1, ,GENE,1, 
IDO2, ,GENE,1, 
IFI16, ,GENE,1, 
IFI27, ,GENE,1, 
IFI44L, ,GENE,1, 
IFIH1, ,GENE,1, 
IFNA1, ,GENE,1, 
IFNA17, ,GENE,1, 
IFNA2, ,GENE,1, 
IFNB1, ,GENE,1, 
IFNG, ,GENE,1, 
IFNK, ,GENE,1, 
IFNL1, ,GENE,1, 
IGAN, ,GENE,1, 
IGF1, ,GENE,1, 
IGF1R, ,GENE,1, 
IGFBP1, ,GENE,1, 
IGFBP3, ,GENE,1, 
IGFBP5, ,GENE,1, 
IGHA1, ,GENE,1, 
IGHE, ,GENE,1, 
IGHG1, ,GENE,1, 
IGHG3, ,GENE,1, 
IGHM, ,GENE,1, 
IGKV2D-29, ,GENE,1, 
IKBKB, ,GENE,1, 
IKBKE, ,GENE,1, 
IKZF1, ,GENE,1, 
IL1, ,GENE,1, 
IL10, ,GENE,1, 
IL10RA, ,GENE,1, 
IL11, ,GENE,1, 
IL12, ,GENE,1, 
IL12B, ,GENE,1, 
IL12RB2, ,GENE,1, 
IL13, ,GENE,1, 
IL15, ,GENE,1, 
IL16, ,GENE,1, 
IL17A, ,GENE,1, 
IL17B, ,GENE,1, 
IL17C, ,GENE,1, 
IL17D, ,GENE,1, 
IL17F, ,GENE,1, 
IL17RA, ,GENE,1, 
IL18, ,GENE,1, 
IL18BP, ,GENE,1, 
IL18RAP, ,GENE,1, 
IL19, ,GENE,1, 
IL1A, ,GENE,1, 
IL1B, ,GENE,1, 
IL1F10, ,GENE,1, 
IL1R1, ,GENE,1, 
IL1RL1, ,GENE,1, 
IL1RL2, ,GENE,1, 
IL1RN, ,GENE,1, 
IL2, ,GENE,1, 
IL20, ,GENE,1, 
IL20RB, ,GENE,1, 
IL21, ,GENE,1, 
IL21R, ,GENE,1, 
IL22, ,GENE,1, 
IL22RA2, ,GENE,1, 
IL23A, ,GENE,1, 
IL23R, ,GENE,1, 
IL24, ,GENE,1, 
IL26, ,GENE,1, 
IL27, ,GENE,1, 
IL2RA, ,GENE,1, 
IL3, ,GENE,1, 
IL31, ,GENE,1, 
IL32, ,GENE,1, 
IL33, ,GENE,1, 
IL34, ,GENE,1, 
IL36A, ,GENE,1, 
IL36G, ,GENE,1, 
IL36RN, ,GENE,1, 
IL37, ,GENE,1, 
IL4, ,GENE,1, 
IL4I1, ,GENE,1, 
IL4R, ,GENE,1, 
IL5, ,GENE,1, 
IL6, ,GENE,1, 
IL6R, ,GENE,1, 
IL6ST, ,GENE,1, 
IL7, ,GENE,1, 
IL7R, ,GENE,1, 
IL8, ,GENE,1, 
IL9, ,GENE,1, 
ING4, ,GENE,1, 
INHBE, ,GENE,1, 
INS, ,GENE,1, 
INSL3, ,GENE,1, 
INSRR, ,GENE,1, 
IRAK1, ,GENE,1, 
IRF1, ,GENE,1, 
IRF2, ,GENE,1, 
IRF3, ,GENE,1, 
IRF4, ,GENE,1, 
IRF5, ,GENE,1, 
IRF7, ,GENE,1, 
IRF8, ,GENE,1, 
IRGM, ,GENE,1, 
ISPD, ,GENE,1, 
ITGA1, ,GENE,1, 
ITGA2, ,GENE,1, 
ITGAE, ,GENE,1, 
ITGAL, ,GENE,1, 
ITGAM, ,GENE,1, 
ITGAX, ,GENE,1, 
ITGB2, ,GENE,1, 
ITLN1, ,GENE,1, 
ITPKC, ,GENE,1, 
JAK1, ,GENE,1, 
JAK2, ,GENE,1, 
JAK3, ,GENE,1, 
JMY, ,GENE,1, 
JUN, ,GENE,1, 
JUNB, ,GENE,1, 
JUND, ,GENE,1, 
KARS, ,GENE,1, 
KCNA3, ,GENE,1, 
KCNE3, ,GENE,1, 
KCNN4, ,GENE,1, 
KCNQ1, ,GENE,1, 
KDM5A, ,GENE,1, 
KDM6B, ,GENE,1, 
KDR, ,GENE,1, 
KHDRBS1, ,GENE,1, 
KIAA0101, ,GENE,1, 
KIR2DL2, ,GENE,1, 
KIR2DL3, ,GENE,1, 
KIR2DL4, ,GENE,1, 
KIR2DS2, ,GENE,1, 
KIR3DL1, ,GENE,1, 
KIR3DL2, ,GENE,1, 
KIR3DL3, ,GENE,1, 
KITLG, ,GENE,1, 
KL, ,GENE,1, 
KLF13, ,GENE,1, 
KLF2, ,GENE,1, 
KLF5, ,GENE,1, 
KLK1, ,GENE,1, 
KLK4, ,GENE,1, 
KLK6, ,GENE,1, 
KLK7, ,GENE,1, 
KLK8, ,GENE,1, 
KLKB1, ,GENE,1, 
KLRB1, ,GENE,1, 
KLRK1, ,GENE,1, 
KNG1, ,GENE,1, 
KRAS, ,GENE,1, 
KRT1, ,GENE,1, 
KRT10, ,GENE,1, 
KRT14, ,GENE,1, 
KRT16, ,GENE,1, 
KRT17, ,GENE,1, 
KRT5, ,GENE,1, 
KRT76, ,GENE,1, 
LAIR1, ,GENE,1, 
LAMP1, ,GENE,1, 
LANCL1, ,GENE,1, 
LBR, ,GENE,1, 
LCE3B, ,GENE,1, 
LCE3C, ,GENE,1, 
LCN1, ,GENE,1, 
LCN2, ,GENE,1, 
LCT, ,GENE,1, 
LEP, ,GENE,1, 
LEPR, ,GENE,1, 
LEPREL2, ,GENE,1, 
LGALS1, ,GENE,1, 
LGALS3, ,GENE,1, 
LGALS3BP, ,GENE,1, 
LGALS8, ,GENE,1, 
LGALS9, ,GENE,1, 
LIF, ,GENE,1, 
LILRA3, ,GENE,1, 
LMNA, ,GENE,1, 
LMNB1, ,GENE,1, 
LOX, ,GENE,1, 
LPA, ,GENE,1, 
LPL, ,GENE,1, 
LRBA, ,GENE,1, 
LRG1, ,GENE,1, 
LRP1, ,GENE,1, 
LRP2, ,GENE,1, 
LRP5, ,GENE,1, 
LRP6, ,GENE,1, 
LRRK2, ,GENE,1, 
LSM2, ,GENE,1, 
LTA, ,GENE,1, 
LTB, ,GENE,1, 
LTB4R, ,GENE,1, 
LTBR, ,GENE,1, 
LTF, ,GENE,1, 
LXN, ,GENE,1, 
LY75, ,GENE,1, 
LY9, ,GENE,1, 
LYN, ,GENE,1, 
LYPD4, ,GENE,1, 
LYZ, ,GENE,1, 
MADCAM1, ,GENE,1, 
MAP1LC3A, ,GENE,1, 
MAP1LC3B, ,GENE,1, 
MAP2K3, ,GENE,1, 
MAP2K6, ,GENE,1, 
MAP2K7, ,GENE,1, 
MAP3K14, ,GENE,1, 
MAP3K7, ,GENE,1, 
MAPK1, ,GENE,1, 
MAPK12, ,GENE,1, 
MAPK13, ,GENE,1, 
MAPK14, ,GENE,1, 
MAPK3, ,GENE,1, 
MAPK7, ,GENE,1, 
MAPK8, ,GENE,1, 
MARCKSL1, ,GENE,1, 
MAS1, ,GENE,1, 
MASP1, ,GENE,1, 
MASP2, ,GENE,1, 
MAVS, ,GENE,1, 
MB21D1, ,GENE,1, 
MBL2, ,GENE,1, 
MBP, ,GENE,1, 
MBTPS1, ,GENE,1, 
MC3R, ,GENE,1, 
MCL1, ,GENE,1, 
MDK, ,GENE,1, 
MDM2, ,GENE,1, 
MECOM, ,GENE,1, 
MECP2, ,GENE,1, 
MEFV, ,GENE,1, 
MEN1, ,GENE,1, 
MEPE, ,GENE,1, 
MERTK, ,GENE,1, 
MET, ,GENE,1, 
MFGE8, ,GENE,1, 
MGARP, ,GENE,1, 
MGMT, ,GENE,1, 
MGP, ,GENE,1, 
MIA, ,GENE,1, 
MICB, ,GENE,1, 
MIF, ,GENE,1, 
MIP, ,GENE,1, 
MIR106B, ,GENE,1, 
MIR10A, ,GENE,1, 
MIR126, ,GENE,1, 
MIR1266, ,GENE,1, 
MIR135B, ,GENE,1, 
MIR142, ,GENE,1, 
MIR146A, ,GENE,1, 
MIR155, ,GENE,1, 
MIR192, ,GENE,1, 
MIR194-1, ,GENE,1, 
MIR200C, ,GENE,1, 
MIR203, ,GENE,1, 
MIR205, ,GENE,1, 
MIR21, ,GENE,1, 
MIR214, ,GENE,1, 
MIR23B, ,GENE,1, 
MIR26A1, ,GENE,1, 
MIR29A, ,GENE,1, 
MIR31, ,GENE,1, 
MIR34A, ,GENE,1, 
MIR378A, ,GENE,1, 
MIR490, ,GENE,1, 
MIR491, ,GENE,1, 
MIR499A, ,GENE,1, 
MIR-7, ,GENE,1, 
MIR708, ,GENE,1, 
MIR99A, ,GENE,1, 
MME, ,GENE,1, 
MMP1, ,GENE,1, 
MMP12, ,GENE,1, 
MMP13, ,GENE,1, 
MMP14, ,GENE,1, 
MMP19, ,GENE,1, 
MMP2, ,GENE,1, 
MMP3, ,GENE,1, 
MMP7, ,GENE,1, 
MMP8, ,GENE,1, 
MMP9, ,GENE,1, 
MMRN1, ,GENE,1, 
MPO, ,GENE,1, 
MPZ, ,GENE,1, 
MRAP, ,GENE,1, 
MRC1, ,GENE,1, 
MRGPRF, ,GENE,1, 
MRPL49, ,GENE,1, 
MRSS, ,GENE,1, 
MS4A1, ,GENE,1, 
MSC, ,GENE,1, 
MSH2, ,GENE,1, 
MSH5, ,GENE,1, 
MSN, ,GENE,1, 
MSR1, ,GENE,1, 
MST1, ,GENE,1, 
MSTN, ,GENE,1, 
MSX2, ,GENE,1, 
MT1JP, ,GENE,1, 
MTA2, ,GENE,1, 
MTFMT, ,GENE,1, 
MTHFR, ,GENE,1, 
MTOR, ,GENE,1, 
MUC1, ,GENE,1, 
MUC16, ,GENE,1, 
MUC2, ,GENE,1, 
MUC5AC, ,GENE,1, 
MVD, ,GENE,1, 
MX1, ,GENE,1, 
MYD88, ,GENE,1, 
MYOM2, ,GENE,1, 
NAB2, ,GENE,1, 
NAMPT, ,GENE,1, 
NAPA, ,GENE,1, 
NCAM1, ,GENE,1, 
NCF1, ,GENE,1, 
NCF2, ,GENE,1, 
NCF4, ,GENE,1, 
NCR1, ,GENE,1, 
NDC80, ,GENE,1, 
NDUFB6, ,GENE,1, 
NELFCD, ,GENE,1, 
NELL1, ,GENE,1, 
NFATC1, ,GENE,1, 
NFE2, ,GENE,1, 
NFE2L2, ,GENE,1, 
NFIL3, ,GENE,1, 
NF-KB, ,GENE,1, 
NFKB1, ,GENE,1, 
NFKBIA, ,GENE,1, 
NGF, ,GENE,1, 
NKX2-3, ,GENE,1, 
NLRP3, ,GENE,1, 
NMU, ,GENE,1, 
NOD1, ,GENE,1, 
NOD2, ,GENE,1, 
NOG, ,GENE,1, 
NOS1, ,GENE,1, 
NOS2, ,GENE,1, 
NOS3, ,GENE,1, 
NOTCH1, ,GENE,1, 
NOTCH2, ,GENE,1, 
NOTCH4, ,GENE,1, 
NOX1, ,GENE,1, 
NOX4, ,GENE,1, 
NPPB, ,GENE,1, 
NPS, ,GENE,1, 
NPTX1, ,GENE,1, 
NPY, ,GENE,1, 
NR0B1, ,GENE,1, 
NR2C2, ,GENE,1, 
NR3C1, ,GENE,1, 
NR4A1, ,GENE,1, 
NR4A2, ,GENE,1, 
NRD1, ,GENE,1, 
NRIP1, ,GENE,1, 
NRP1, ,GENE,1, 
NT5C2, ,GENE,1, 
NTM, ,GENE,1, 
NTN1, ,GENE,1, 
NTRK1, ,GENE,1, 
NUBP1, ,GENE,1, 
NUCB2, ,GENE,1, 
NUP62, ,GENE,1, 
OCA2, ,GENE,1, 
OCLN, ,GENE,1, 
ODC1, ,GENE,1, 
OLR1, ,GENE,1, 
OPRM1, ,GENE,1, 
ORAI1, ,GENE,1, 
ORMDL3, ,GENE,1, 
OSM, ,GENE,1, 
P2RX7, ,GENE,1, 
PADI2, ,GENE,1, 
PADI4, ,GENE,1, 
PARP1, ,GENE,1, 
PCNA, ,GENE,1, 
PDC, ,GENE,1, 
PDCD1, ,GENE,1, 
PDE4A, ,GENE,1, 
PDGFB, ,GENE,1, 
PDGFRA, ,GENE,1, 
PDGFRB, ,GENE,1, 
PDLIM4, ,GENE,1, 
PECAM1, ,GENE,1, 
PEPD, ,GENE,1, 
PF4, ,GENE,1, 
PGF, ,GENE,1, 
PGLYRP1, ,GENE,1, 
PGLYRP2, ,GENE,1, 
PI3, ,GENE,1, 
PIK3CG, ,GENE,1, 
PIN1, ,GENE,1, 
PLA2G10, ,GENE,1, 
PLA2G1B, ,GENE,1, 
PLA2G7, ,GENE,1, 
PLAT, ,GENE,1, 
PLAU, ,GENE,1, 
PLAUR, ,GENE,1, 
PLD2, ,GENE,1, 
PLEKHO1, ,GENE,1, 
PLG, ,GENE,1, 
PLS3, ,GENE,1, 
PML, ,GENE,1, 
PMP22, ,GENE,1, 
PNKP, ,GENE,1, 
POLD3, ,GENE,1, 
POLR3A, ,GENE,1, 
PON1, ,GENE,1, 
POSTN, ,GENE,1, 
PPARA, ,GENE,1, 
PPARD, ,GENE,1, 
PPARG, ,GENE,1, 
PPARGC1B, ,GENE,1, 
PPBP, ,GENE,1, 
PPIA, ,GENE,1, 
PPP1R12C, ,GENE,1, 
PPP2R4, ,GENE,1, 
PRDM1, ,GENE,1, 
PRDX1, ,GENE,1, 
PRDX2, ,GENE,1, 
PRG4, ,GENE,1, 
PRINS, ,GENE,1, 
PRKAA1, ,GENE,1, 
PRKAB1, ,GENE,1, 
PRKCA, ,GENE,1, 
PRKCD, ,GENE,1, 
PRKCQ, ,GENE,1, 
PRKD1, ,GENE,1, 
PRL, ,GENE,1, 
PRMT5, ,GENE,1, 
PROC, ,GENE,1, 
PROK2, ,GENE,1, 
PRS, ,GENE,1, 
PRTN3, ,GENE,1, 
PSMB8, ,GENE,1, 
PSORS1C1, ,GENE,1, 
PSORS4, ,GENE,1, 
PSS, ,GENE,1, 
PTBP1, ,GENE,1, 
PTEN, ,GENE,1, 
PTGER2, ,GENE,1, 
PTGER4, ,GENE,1, 
PTGES, ,GENE,1, 
PTGS1, ,GENE,1, 
PTGS2, ,GENE,1, 
PTH, ,GENE,1, 
PTH1R, ,GENE,1, 
PTHLH, ,GENE,1, 
PTK2B, ,GENE,1, 
PTN, ,GENE,1, 
PTP4A1, ,GENE,1, 
PTPN11, ,GENE,1, 
PTPN2, ,GENE,1, 
PTPN22, ,GENE,1, 
PTPRC, ,GENE,1, 
PTPRJ, ,GENE,1, 
PTRH1, ,GENE,1, 
PTX3, ,GENE,1, 
PXK, ,GENE,1, 
PYCARD, ,GENE,1, 
QPCT, ,GENE,1, 
RABEPK, ,GENE,1, 
RAC1, ,GENE,1, 
RAD51, ,GENE,1, 
RAF1, ,GENE,1, 
RAG2, ,GENE,1, 
RARRES2, ,GENE,1, 
RARRES3, ,GENE,1, 
RBFOX2, ,GENE,1, 
RBM45, ,GENE,1, 
REG1A, ,GENE,1, 
REG4, ,GENE,1, 
REL, ,GENE,1, 
RETN, ,GENE,1, 
RFX1, ,GENE,1, 
RHBDF2, ,GENE,1, 
RHBDL2, ,GENE,1, 
RHCE, ,GENE,1, 
RHD, ,GENE,1, 
RHOB, ,GENE,1, 
RHOBTB2, ,GENE,1, 
RHOV, ,GENE,1, 
RICTOR, ,GENE,1, 
RIN3, ,GENE,1, 
RIPK3, ,GENE,1, 
RNASE3, ,GENE,1, 
RNF186, ,GENE,1, 
RNR2, ,GENE,1, 
RPL17, ,GENE,1, 
RPSA, ,GENE,1, 
RPTOR, ,GENE,1, 
RRP1, ,GENE,1, 
RRP8, ,GENE,1, 
RSPO1, ,GENE,1, 
RTCA, ,GENE,1, 
RTN1, ,GENE,1, 
RUNX2, ,GENE,1, 
RUNX3, ,GENE,1, 
RXFP2, ,GENE,1, 
RYR1, ,GENE,1, 
S100A1, ,GENE,1, 
S100A12, ,GENE,1, 
S100A14, ,GENE,1, 
S100A4, ,GENE,1, 
S100A7, ,GENE,1, 
S100A8, ,GENE,1, 
S100A9, ,GENE,1, 
S100B, ,GENE,1, 
S1PR1, ,GENE,1, 
SAA1, ,GENE,1, 
SATB2, ,GENE,1, 
SCAI, ,GENE,1, 
SCGB1A1, ,GENE,1, 
SCN9A, ,GENE,1, 
SCT, ,GENE,1, 
SDC1, ,GENE,1, 
SDC4, ,GENE,1, 
SELE, ,GENE,1, 
SELL, ,GENE,1, 
SELP, ,GENE,1, 
SELPLG, ,GENE,1, 
SEMA3A, ,GENE,1, 
SEMA3E, ,GENE,1, 
SEMA4A, ,GENE,1, 
SEMA4D, ,GENE,1, 
SEMG1, ,GENE,1, 
SENP1, ,GENE,1, 
SERP1, ,GENE,1, 
SERPINA1, ,GENE,1, 
SERPINA4, ,GENE,1, 
SERPINA5, ,GENE,1, 
SERPINA6, ,GENE,1, 
SERPINB13, ,GENE,1, 
SERPINB3, ,GENE,1, 
SERPINC1, ,GENE,1, 
SERPINE1, ,GENE,1, 
SERPINE2, ,GENE,1, 
SERPINF1, ,GENE,1, 
SERPINF2, ,GENE,1, 
SERPINH1, ,GENE,1, 
SETBP1, ,GENE,1, 
SETX, ,GENE,1, 
SH2B2, ,GENE,1, 
SHBG, ,GENE,1, 
SIGIRR, ,GENE,1, 
SIGLEC1, ,GENE,1, 
SIK3, ,GENE,1, 
SIRT1, ,GENE,1, 
SIRT6, ,GENE,1, 
SLAMF1, ,GENE,1, 
SLC11A1, ,GENE,1, 
SLC11A2, ,GENE,1, 
SLC16A4, ,GENE,1, 
SLC19A1, ,GENE,1, 
SLC22A4, ,GENE,1, 
SLC22A5, ,GENE,1, 
SLC30A10, ,GENE,1, 
SLC3A2, ,GENE,1, 
SLC51A, ,GENE,1, 
SLC6A4, ,GENE,1, 
SLC9A3, ,GENE,1, 
SLCO6A1, ,GENE,1, 
SLEB3, ,GENE,1, 
SLPI, ,GENE,1, 
SMAD1, ,GENE,1, 
SMAD2, ,GENE,1, 
SMAD3, ,GENE,1, 
SMAD4, ,GENE,1, 
SMAD5, ,GENE,1, 
SMAD6, ,GENE,1, 
SMAD7, ,GENE,1, 
SMURF1, ,GENE,1, 
SNRNP70, ,GENE,1, 
SNRPD1, ,GENE,1, 
SNRPG, ,GENE,1, 
SOCS1, ,GENE,1, 
SOCS3, ,GENE,1, 
SOD2, ,GENE,1, 
SOD3, ,GENE,1, 
SOST, ,GENE,1, 
SOX5, ,GENE,1, 
SOX6, ,GENE,1, 
SP1, ,GENE,1, 
SP7, ,GENE,1, 
SPARC, ,GENE,1, 
SPAST, ,GENE,1, 
SPG7, ,GENE,1, 
SPHK1, ,GENE,1, 
SPHK2, ,GENE,1, 
SPINK1, ,GENE,1, 
SPP1, ,GENE,1, 
SPRED2, ,GENE,1, 
SPTAN1, ,GENE,1, 
SQRDL, ,GENE,1, 
SQSTM1, ,GENE,1, 
SSB, ,GENE,1, 
SSRP1, ,GENE,1, 
SST, ,GENE,1, 
SSTR5, ,GENE,1, 
ST2, ,GENE,1, 
ST3GAL4, ,GENE,1, 
ST8, ,GENE,1, 
STAT1, ,GENE,1, 
STAT3, ,GENE,1, 
STAT4, ,GENE,1, 
STAT5A, ,GENE,1, 
STAT6, ,GENE,1, 
STEAP4, ,GENE,1, 
SUBSTANCE P, ,GENE,1, 
SUCNR1, ,GENE,1, 
SUPEROXIDE DISMUTASE, ,GENE,1, 
SYK, ,GENE,1, 
SYNPR, ,GENE,1, 
TAP1, ,GENE,1, 
TAP2, ,GENE,1, 
TARDBP, ,GENE,1, 
TBC1D9, ,GENE,1, 
TBCA, ,GENE,1, 
TBCE, ,GENE,1, 
TBK1, ,GENE,1, 
TBX21, ,GENE,1, 
TBX5, ,GENE,1, 
TCF7L2, ,GENE,1, 
TCIRG1, ,GENE,1, 
TCN2, ,GENE,1, 
TEK, ,GENE,1, 
TF, ,GENE,1, 
TFF3, ,GENE,1, 
TFPI, ,GENE,1, 
TFRC, ,GENE,1, 
TG, ,GENE,1, 
TGFA, ,GENE,1, 
TGFB1, ,GENE,1, 
TGFB2, ,GENE,1, 
TGFBR1, ,GENE,1, 
TGM1, ,GENE,1, 
TGM2, ,GENE,1, 
TH1L, ,GENE,1, 
THBD, ,GENE,1, 
THBS1, ,GENE,1, 
THM, ,GENE,1, 
THPO, ,GENE,1, 
THY1, ,GENE,1, 
TIE1, ,GENE,1, 
TIMD4, ,GENE,1, 
TIMP1, ,GENE,1, 
TIMP2, ,GENE,1, 
TIMP3, ,GENE,1, 
TIMP4, ,GENE,1, 
TJP1, ,GENE,1, 
TKT, ,GENE,1, 
TLR1, ,GENE,1, 
TLR2, ,GENE,1, 
TLR3, ,GENE,1, 
TLR4, ,GENE,1, 
TLR5, ,GENE,1, 
TLR7, ,GENE,1, 
TLR8, ,GENE,1, 
TLR9, ,GENE,1, 
TMED1, ,GENE,1, 
TMEM106C, ,GENE,1, 
TMEM11, ,GENE,1, 
TMEM201, ,GENE,1, 
TNC, ,GENE,1, 
TNF, ,GENE,1, 
TNFAIP1, ,GENE,1, 
TNFAIP3, ,GENE,1, 
TNFAIP6, ,GENE,1, 
TNFAIP8L2, ,GENE,1, 
TNFRSF10A, ,GENE,1, 
TNFRSF10B, ,GENE,1, 
TNFRSF11A, ,GENE,1, 
TNFRSF11B, ,GENE,1, 
TNFRSF12A, ,GENE,1, 
TNFRSF13B, ,GENE,1, 
TNFRSF13C, ,GENE,1, 
TNFRSF17, ,GENE,1, 
TNFRSF18, ,GENE,1, 
TNFRSF1A, ,GENE,1, 
TNFRSF1B, ,GENE,1, 
TNFRSF25, ,GENE,1, 
TNFRSF4, ,GENE,1, 
TNFRSF6B, ,GENE,1, 
TNFRSF9, ,GENE,1, 
TNFSF10, ,GENE,1, 
TNFSF11, ,GENE,1, 
TNFSF13B, ,GENE,1, 
TNFSF15, ,GENE,1, 
TNFSF18, ,GENE,1, 
TNFSF4, ,GENE,1, 
TNIP1, ,GENE,1, 
TNNI3, ,GENE,1, 
TOP1, ,GENE,1, 
TOP2A, ,GENE,1, 
TP53, ,GENE,1, 
TPH1, ,GENE,1, 
TPM3, ,GENE,1, 
TPMT, ,GENE,1, 
TPO, ,GENE,1, 
TRAF1, ,GENE,1, 
TRAF3IP2, ,GENE,1, 
TRAF6, ,GENE,1, 
TRAP1, ,GENE,1, 
TREM1, ,GENE,1, 
TREX1, ,GENE,1, 
TREX2, ,GENE,1, 
TRH, ,GENE,1, 
TRIB1, ,GENE,1, 
TRIB3, ,GENE,1, 
TRIM21, ,GENE,1, 
TRIM68, ,GENE,1, 
TRIM69, ,GENE,1, 
TROVE2, ,GENE,1, 
TRPA1, ,GENE,1, 
TRPV1, ,GENE,1, 
TRPV3, ,GENE,1, 
TRPV4, ,GENE,1, 
TSHR, ,GENE,1, 
TSLP, ,GENE,1, 
TST, ,GENE,1, 
TTR, ,GENE,1, 
TWIST1, ,GENE,1, 
TXN, ,GENE,1, 
TYK2, ,GENE,1, 
TYROBP, ,GENE,1, 
UBAC2, ,GENE,1, 
UBE2L3, ,GENE,1, 
UBIQUITIN, ,GENE,1, 
UCN, ,GENE,1, 
UGCG, ,GENE,1, 
UNC5B, ,GENE,1, 
UPK3B, ,GENE,1, 
UTS2, ,GENE,1, 
VCAM1, ,GENE,1, 
VCP, ,GENE,1, 
VDR, ,GENE,1, 
VEGFA, ,GENE,1, 
VEGFC, ,GENE,1, 
VGLL3, ,GENE,1, 
VHL, ,GENE,1, 
VHLL, ,GENE,1, 
VIM, ,GENE,1, 
VIP, ,GENE,1, 
VKORC1, ,GENE,1, 
VNN1, ,GENE,1, 
VPS35, ,GENE,1, 
VSIG4, ,GENE,1, 
VSTM1, ,GENE,1, 
VTCN1, ,GENE,1, 
VWF, ,GENE,1, 
WAS, ,GENE,1, 
WDFY4, ,GENE,1, 
WFDC21P, ,GENE,1, 
WG, ,GENE,1, 
WIF1, ,GENE,1, 
WNT1, ,GENE,1, 
WNT10B, ,GENE,1, 
WNT16, ,GENE,1, 
WNT4, ,GENE,1, 
WNT5A, ,GENE,1, 
XBP1, ,GENE,1, 
XRCC1, ,GENE,1, 
XRCC3, ,GENE,1, 
YBX1, ,GENE,1, 
YBX3, ,GENE,1, 
ZDHHC13, ,GENE,1, 
ZFP36, ,GENE,1, 
ZNF398, ,GENE,1, 
ZNF423, ,GENE,1, 
ZNF467, ,GENE,1, 
ZNF750, ,GENE,1, 
ZNF77, ,GENE,1, 
AAK1, ,GENE,1, 
AARS, ,GENE,1, 
ABAT, ,GENE,1, 
ABCA4, ,GENE,1, 
ABCC1, ,GENE,1, 
ABCE1, ,GENE,1, 
ABCG2, ,GENE,1, 
ABHD2, ,GENE,1, 
ABHD5, ,GENE,1, 
ABL1, ,GENE,1, 
ACCS, ,GENE,1, 
ACE2, ,GENE,1, 
ACER3, ,GENE,1, 
ACHE, ,GENE,1, 
ACOT1, ,GENE,1, 
ACPP, ,GENE,1, 
ACRV1, ,GENE,1, 
ACSM1, ,GENE,1, 
ACSS2, ,GENE,1, 
ACTA1, ,GENE,1, 
ACTG1, ,GENE,1, 
ACTR1A, ,GENE,1, 
ACTR2, ,GENE,1, 
AD5, ,GENE,1, 
ADAM10, ,GENE,1, 
ADAP2, ,GENE,1, 
ADH1A, ,GENE,1, 
ADH5, ,GENE,1, 
ADI1, ,GENE,1, 
ADK, ,GENE,1, 
ADRM1, ,GENE,1, 
AFF4, ,GENE,1, 
AGFG1, ,GENE,1, 
AGO2, ,GENE,1, 
AGTR2, ,GENE,1, 
AGXT, ,GENE,1, 
AHCY, ,GENE,1, 
AHI1, ,GENE,1, 
AIDA, ,GENE,1, 
AIFM2, ,GENE,1, 
AIRE, ,GENE,1, 
AKR1B1, ,GENE,1, 
AKR1C1, ,GENE,1, 
AKR1C3, ,GENE,1, 
ALAD, ,GENE,1, 
ALDH1A1, ,GENE,1, 
ALDH1L1, ,GENE,1, 
ALDH7A1, ,GENE,1, 
ALK, ,GENE,1, 
ALKBH1, ,GENE,1, 
ALS3, ,GENE,1, 
ALYREF, ,GENE,1, 
AMBP, ,GENE,1, 
AMD1, ,GENE,1, 
AMPD1, ,GENE,1, 
AMY2A, ,GENE,1, 
ANC, ,GENE,1, 
ANK1, ,GENE,1, 
ANKRD1, ,GENE,1, 
ANP32A, ,GENE,1, 
ANTXR1, ,GENE,1, 
ANXA13, ,GENE,1, 
ANXA4, ,GENE,1, 
ANXA6, ,GENE,1, 
AOX1, ,GENE,1, 
AP2A1, ,GENE,1, 
APCDD1, ,GENE,1, 
APEX1, ,GENE,1, 
APLN, ,GENE,1, 
APLNR, ,GENE,1, 
APOA5, ,GENE,1, 
APOBEC1, ,GENE,1, 
APOBEC3A, ,GENE,1, 
APOBEC3B, ,GENE,1, 
APOBEC3C, ,GENE,1, 
APOBEC3D, ,GENE,1, 
APOBEC3F, ,GENE,1, 
APOBEC3G, ,GENE,1, 
APOBEC3H, ,GENE,1, 
APOC1, ,GENE,1, 
APOC3, ,GENE,1, 
APRT, ,GENE,1, 
ARAF, ,GENE,1, 
ARAP3, ,GENE,1, 
ARC, ,GENE,1, 
ARCN1, ,GENE,1, 
ARF1, ,GENE,1, 
ARFIP2, ,GENE,1, 
ARFRP1, ,GENE,1, 
ARHGEF15, ,GENE,1, 
ARHGEF2, ,GENE,1, 
ARHGEF26, ,GENE,1, 
ARID4B, ,GENE,1, 
ARIH1, ,GENE,1, 
ARNT, ,GENE,1, 
ARPP21, ,GENE,1, 
ASGR1, ,GENE,1, 
ASPA, ,GENE,1, 
ASRGL1, ,GENE,1, 
ASZ1, ,GENE,1, 
ATAD5, ,GENE,1, 
ATF6, ,GENE,1, 
ATG7, ,GENE,1, 
ATM, ,GENE,1, 
ATP6AP2, ,GENE,1, 
ATP6V0A2, ,GENE,1, 
ATP6V0C, ,GENE,1, 
ATP6V0D1, ,GENE,1, 
ATR, ,GENE,1, 
AURKA, ,GENE,1, 
AXIN1, ,GENE,1, 
AXL, ,GENE,1, 
AZIN2, ,GENE,1, 
B3GNT3, ,GENE,1, 
B4GALNT2, ,GENE,1, 
BACH1, ,GENE,1, 
BAG3, ,GENE,1, 
BAG6, ,GENE,1, 
BAI1, ,GENE,1, 
BANF1, ,GENE,1, 
BATF2, ,GENE,1, 
BBOX1, ,GENE,1, 
BBS9, ,GENE,1, 
BCAR1, ,GENE,1, 
BCAR3, ,GENE,1, 
BCAS3, ,GENE,1, 
BCL11B, ,GENE,1, 
BCL2L10, ,GENE,1, 
BDH1, ,GENE,1, 
BEST1, ,GENE,1, 
BIRC3, ,GENE,1, 
BLVRA, ,GENE,1, 
BMP4, ,GENE,1, 
BNC1, ,GENE,1, 
BPIFA1, ,GENE,1, 
BRCA1, ,GENE,1, 
BRD2, ,GENE,1, 
BRD4, ,GENE,1, 
BRSK1, ,GENE,1, 
BRSK2, ,GENE,1, 
BSCL2, ,GENE,1, 
BST2, ,GENE,1, 
BTK, ,GENE,1, 
BW4, ,GENE,1, 
BZW1, ,GENE,1, 
C1QBP, ,GENE,1, 
C5ORF27, ,GENE,1, 
C6ORF15, ,GENE,1, 
CACNA2D4, ,GENE,1, 
CALB1, ,GENE,1, 
CALCOCO2, ,GENE,1, 
CALM1, ,GENE,1, 
CALML3, ,GENE,1, 
CALU, ,GENE,1, 
CAMK2B, ,GENE,1, 
CANX, ,GENE,1, 
CAP1, ,GENE,1, 
CASC5, ,GENE,1, 
CASD1, ,GENE,1, 
CASP2, ,GENE,1, 
CASP9, ,GENE,1, 
CASZ1, ,GENE,1, 
CAV2, ,GENE,1, 
CBFB, ,GENE,1, 
CBLL1, ,GENE,1, 
CBX8, ,GENE,1, 
CCA1, ,GENE,1, 
CCDC8, ,GENE,1, 
CCL1, ,GENE,1, 
CCL14, ,GENE,1, 
CCL22, ,GENE,1, 
CCL28, ,GENE,1, 
CCL4, ,GENE,1, 
CCL4L1, ,GENE,1, 
CCL4L2, ,GENE,1, 
CCL8, ,GENE,1, 
CCND2, ,GENE,1, 
CCND3, ,GENE,1, 
CCNG1, ,GENE,1, 
CCNO, ,GENE,1, 
CCNT1, ,GENE,1, 
CCR3, ,GENE,1, 
CCS, ,GENE,1, 
CD101, ,GENE,1, 
CD1B, ,GENE,1, 
CD207, ,GENE,1, 
CD244, ,GENE,1, 
CD2AP, ,GENE,1, 
CD300A, ,GENE,1, 
CD36, ,GENE,1, 
CD3E, ,GENE,1, 
CD46, ,GENE,1, 
CD47, ,GENE,1, 
CD53, ,GENE,1, 
CD58, ,GENE,1, 
CD59, ,GENE,1, 
CD63, ,GENE,1, 
CD7, ,GENE,1, 
CD81, ,GENE,1, 
CD9, ,GENE,1, 
CDA, ,GENE,1, 
CDB2, ,GENE,1, 
CDC123, ,GENE,1, 
CDC37, ,GENE,1, 
CDC42, ,GENE,1, 
CDH17, ,GENE,1, 
CDK1, ,GENE,1, 
CDK11B, ,GENE,1, 
CDK13, ,GENE,1, 
CDK2, ,GENE,1, 
CDK20, ,GENE,1, 
CDK2AP1, ,GENE,1, 
CDK6, ,GENE,1, 
CDK7, ,GENE,1, 
CDKN1B, ,GENE,1, 
CDKN2B, ,GENE,1, 
CDKN2D, ,GENE,1, 
CDR2, ,GENE,1, 
CEBPB, ,GENE,1, 
CELIAC2, ,GENE,1, 
CENPK, ,GENE,1, 
CENPV, ,GENE,1, 
CES1, ,GENE,1, 
CETP, ,GENE,1, 
CFB, ,GENE,1, 
CFL1, ,GENE,1, 
CFLAR, ,GENE,1, 
CFTR, ,GENE,1, 
CH25H, ,GENE,1, 
CHAF1B, ,GENE,1, 
CHIA, ,GENE,1, 
CHMP3, ,GENE,1, 
CHMP4B, ,GENE,1, 
CHP1, ,GENE,1, 
CHRFAM7A, ,GENE,1, 
CHRM3, ,GENE,1, 
CHRNA4, ,GENE,1, 
CIITA, ,GENE,1, 
CIR1, ,GENE,1, 
CLDN23, ,GENE,1, 
CLDN4, ,GENE,1, 
CLDN6, ,GENE,1, 
CLDN9, ,GENE,1, 
CLEC10A, ,GENE,1, 
CLEC1B, ,GENE,1, 
CLEC4A, ,GENE,1, 
CLEC4D, ,GENE,1, 
CLEC4M, ,GENE,1, 
CLEC6A, ,GENE,1, 
CLEC9A, ,GENE,1, 
CLF, ,GENE,1, 
CLK1, ,GENE,1, 
CLPP, ,GENE,1, 
CLPX, ,GENE,1, 
CLSTN2, ,GENE,1, 
CLSTN3, ,GENE,1, 
CMA1, ,GENE,1, 
CMC2, ,GENE,1, 
CMD1B, ,GENE,1, 
CMPK1, ,GENE,1, 
CNBP, ,GENE,1, 
CNOT7, ,GENE,1, 
CNP, ,GENE,1, 
CNTN2, ,GENE,1, 
CNTN5, ,GENE,1, 
COASY, ,GENE,1, 
COMMD1, ,GENE,1, 
COPG1, ,GENE,1, 
COPS5, ,GENE,1, 
CPA1, ,GENE,1, 
CPD, ,GENE,1, 
CPE, ,GENE,1, 
CPO, ,GENE,1, 
CPOX, ,GENE,1, 
CPS1, ,GENE,1, 
CPSF1, ,GENE,1, 
CPSF4, ,GENE,1, 
CPSF6, ,GENE,1, 
CPVL, ,GENE,1, 
CREB1, ,GENE,1, 
CREB3, ,GENE,1, 
CREB5, ,GENE,1, 
CREBBP, ,GENE,1, 
CRIP3, ,GENE,1, 
CRK, ,GENE,1, 
CRLF2, ,GENE,1, 
CRTC2, ,GENE,1, 
CRYL1, ,GENE,1, 
CRYZ, ,GENE,1, 
CS, ,GENE,1, 
CSNK2A1, ,GENE,1, 
CTAG1A, ,GENE,1, 
CTF1, ,GENE,1, 
CTH, ,GENE,1, 
CTSA, ,GENE,1, 
CTTN, ,GENE,1, 
CTTNBP2, ,GENE,1, 
CUL9, ,GENE,1, 
CXCR1, ,GENE,1, 
CYB5A, ,GENE,1, 
CYCSP51, ,GENE,1, 
CYCSP53, ,GENE,1, 
CYLD, ,GENE,1, 
CYP11B1, ,GENE,1, 
CYP19A1, ,GENE,1, 
CYP2A6, ,GENE,1, 
CYP2A7, ,GENE,1, 
CYP2B6, ,GENE,1, 
CYP2C19, ,GENE,1, 
CYP3A4, ,GENE,1, 
CYP51A1, ,GENE,1, 
DARC, ,GENE,1, 
DARS, ,GENE,1, 
DCAF7, ,GENE,1, 
DCK, ,GENE,1, 
DCLK1, ,GENE,1, 
DDAH1, ,GENE,1, 
DDB1, ,GENE,1, 
DDC, ,GENE,1, 
DDIT4, ,GENE,1, 
DDO, ,GENE,1, 
DDR1, ,GENE,1, 
DDX1, ,GENE,1, 
DDX17, ,GENE,1, 
DDX21, ,GENE,1, 
DDX39B, ,GENE,1, 
DDX3X, ,GENE,1, 
DDX5, ,GENE,1, 
DDX56, ,GENE,1, 
DDX58, ,GENE,1, 
DDX6, ,GENE,1, 
DDX60, ,GENE,1, 
DDX60L, ,GENE,1, 
DEFA3, ,GENE,1, 
DEFB1, ,GENE,1, 
DEFB103A, ,GENE,1, 
DERL2, ,GENE,1, 
DGAT1, ,GENE,1, 
DHCR24, ,GENE,1, 
DHFR, ,GENE,1, 
DHODH, ,GENE,1, 
DHPS, ,GENE,1, 
DHRS2, ,GENE,1, 
DHRS9, ,GENE,1, 
DHX16, ,GENE,1, 
DHX58, ,GENE,1, 
DIABLO, ,GENE,1, 
DLD, ,GENE,1, 
DLL3, ,GENE,1, 
DNAH6, ,GENE,1, 
DNAJB1, ,GENE,1, 
DNAJC14, ,GENE,1, 
DNAJC3, ,GENE,1, 
DNLZ, ,GENE,1, 
DNM2, ,GENE,1, 
DNMT3A, ,GENE,1, 
DNTT, ,GENE,1, 
DOCK3, ,GENE,1, 
DOHH, ,GENE,1, 
DPP3, ,GENE,1, 
DPYS, ,GENE,1, 
DR1, ,GENE,1, 
DROSHA, ,GENE,1, 
DSPP, ,GENE,1, 
DTYMK, ,GENE,1, 
DUOX1, ,GENE,1, 
DUSP4, ,GENE,1, 
DYM, ,GENE,1, 
DYNC1H1, ,GENE,1, 
DYNLL1, ,GENE,1, 
DYNLRB1, ,GENE,1, 
EBF1, ,GENE,1, 
EBM, ,GENE,1, 
EBP, ,GENE,1, 
ECI1, ,GENE,1, 
EDARADD, ,GENE,1, 
EDEM1, ,GENE,1, 
EED, ,GENE,1, 
EEF1E1, ,GENE,1, 
EEF2, ,GENE,1, 
EFTUD2, ,GENE,1, 
EGFLAM, ,GENE,1, 
EIF2AK2, ,GENE,1, 
EIF2S3, ,GENE,1, 
EIF3A, ,GENE,1, 
EIF3B, ,GENE,1, 
EIF3F, ,GENE,1, 
EIF3L, ,GENE,1, 
EIF4A1, ,GENE,1, 
EIF4A2, ,GENE,1, 
EIF4E, ,GENE,1, 
EIF4G1, ,GENE,1, 
EIF5A, ,GENE,1, 
EIF5B, ,GENE,1, 
ELL2, ,GENE,1, 
ELMO1, ,GENE,1, 
EMP1, ,GENE,1, 
EMP2, ,GENE,1, 
ENDOV, ,GENE,1, 
ENO2, ,GENE,1, 
ENOSF1, ,GENE,1, 
ENPP3, ,GENE,1, 
EPB41, ,GENE,1, 
EPCAM, ,GENE,1, 
EPHA6, ,GENE,1, 
EPS15, ,GENE,1, 
ERAS, ,GENE,1, 
ERC1, ,GENE,1, 
ERCC3, ,GENE,1, 
ERVK-6, ,GENE,1, 
ERVW-1, ,GENE,1, 
ESRRB, ,GENE,1, 
ETS2, ,GENE,1, 
EWSR1, ,GENE,1, 
EXOSC2, ,GENE,1, 
EXOSC9, ,GENE,1, 
EZR, ,GENE,1, 
FABP2, ,GENE,1, 
FABP4, ,GENE,1, 
FADD, ,GENE,1, 
FADS3, ,GENE,1, 
FASN, ,GENE,1, 
FBXL2, ,GENE,1, 
FCGR2C, ,GENE,1, 
FDFT1, ,GENE,1, 
FECH, ,GENE,1, 
FGR, ,GENE,1, 
FKBP6, ,GENE,1, 
FKBP8, ,GENE,1, 
FLII, ,GENE,1, 
FLNA, ,GENE,1, 
FLOT2, ,GENE,1, 
FMN1, ,GENE,1, 
FMO3, ,GENE,1, 
FNBP1L, ,GENE,1, 
FNTA, ,GENE,1, 
FOLR1, ,GENE,1, 
FOXA2, ,GENE,1, 
FOXM1, ,GENE,1, 
FPR1, ,GENE,1, 
FPR2, ,GENE,1, 
FREM1, ,GENE,1, 
FRK, ,GENE,1, 
FSHR, ,GENE,1, 
FTH1, ,GENE,1, 
FURIN, ,GENE,1, 
FUT4, ,GENE,1, 
FUZ, ,GENE,1, 
FXR1, ,GENE,1, 
FXR2, ,GENE,1, 
FYB, ,GENE,1, 
FYN, ,GENE,1, 
G3BP1, ,GENE,1, 
G7P1, ,GENE,1, 
GAD1, ,GENE,1, 
GADD45A, ,GENE,1, 
GAK, ,GENE,1, 
GALK1, ,GENE,1, 
GALNT3, ,GENE,1, 
GBA3, ,GENE,1, 
GBF1, ,GENE,1, 
GBP2, ,GENE,1, 
GBP5, ,GENE,1, 
GCDH, ,GENE,1, 
GCK, ,GENE,1, 
GEMIN2, ,GENE,1, 
GEMIN5, ,GENE,1, 
GFAP, ,GENE,1, 
GFM1, ,GENE,1, 
GGH, ,GENE,1, 
GHRH, ,GENE,1, 
GJA1, ,GENE,1, 
GK, ,GENE,1, 
GKN2, ,GENE,1, 
GLA, ,GENE,1, 
GLDN, ,GENE,1, 
GLI2, ,GENE,1, 
GLO1, ,GENE,1, 
GLS2, ,GENE,1, 
GLUD1, ,GENE,1, 
GLUL, ,GENE,1, 
GNAS, ,GENE,1, 
GNB2L1, ,GENE,1, 
GOLGA2, ,GENE,1, 
GOLM1, ,GENE,1, 
GOLPH3, ,GENE,1, 
GOT2, ,GENE,1, 
GP5, ,GENE,1, 
GP9, ,GENE,1, 
GPANK1, ,GENE,1, 
GPR161, ,GENE,1, 
GPR162, ,GENE,1, 
GPR180, ,GENE,1, 
GPR4, ,GENE,1, 
GPT, ,GENE,1, 
GRDX, ,GENE,1, 
GRIN2B, ,GENE,1, 
GRSF1, ,GENE,1, 
GSK-3, ,GENE,1, 
GSR, ,GENE,1, 
GSTK1, ,GENE,1, 
GTF2I, ,GENE,1, 
GTPBP1, ,GENE,1, 
GTPBP3, ,GENE,1, 
GYPC, ,GENE,1, 
GZMB, ,GENE,1, 
GZMK, ,GENE,1, 
GZMM, ,GENE,1, 
H2AFX, ,GENE,1, 
H6PD, ,GENE,1, 
HAL, ,GENE,1, 
HAO1, ,GENE,1, 
HAP1, ,GENE,1, 
HAX1, ,GENE,1, 
HBB, ,GENE,1, 
HBE1, ,GENE,1, 
HCK, ,GENE,1, 
HDAC1, ,GENE,1, 
HDAC11, ,GENE,1, 
HDAC6, ,GENE,1, 
HDAC8, ,GENE,1, 
HDC, ,GENE,1, 
HDGFRP2, ,GENE,1, 
HELZ2, ,GENE,1, 
HEMC, ,GENE,1, 
HERC5, ,GENE,1, 
HEXA, ,GENE,1, 
HEXIM1, ,GENE,1, 
HEY2, ,GENE,1, 
HFE, ,GENE,1, 
HGD, ,GENE,1, 
HGS, ,GENE,1, 
HIBADH, ,GENE,1, 
HIC1, ,GENE,1, 
HIRA, ,GENE,1, 
HIST1H1A, ,GENE,1, 
HIST1H1C, ,GENE,1, 
HISTONE H2A, ,GENE,1, 
HISTONE H3, ,GENE,1, 
HISTONE H4, ,GENE,1, 
HIVEP1, ,GENE,1, 
HLA-DPA1, ,GENE,1, 
HLA-DQB1, ,GENE,1, 
HM13, ,GENE,1, 
HMGA1, ,GENE,1, 
HMGCR, ,GENE,1, 
HMI, ,GENE,1, 
HNF1A, ,GENE,1, 
HNF4A, ,GENE,1, 
HNRNPA1, ,GENE,1, 
HNRNPA2B1, ,GENE,1, 
HNRNPAB, ,GENE,1, 
HNRNPC, ,GENE,1, 
HNRNPD, ,GENE,1, 
HNRNPH1, ,GENE,1, 
HNRNPK, ,GENE,1, 
HNRNPL, ,GENE,1, 
HNRNPU, ,GENE,1, 
HOTAIR, ,GENE,1, 
HOXD13, ,GENE,1, 
HPD, ,GENE,1, 
HPN, ,GENE,1, 
HPPD, ,GENE,1, 
HPR, ,GENE,1, 
HRAS, ,GENE,1, 
HRASLS, ,GENE,1, 
HRG, ,GENE,1, 
HRH1, ,GENE,1, 
HRTRT1, ,GENE,1, 
HSD17B10, ,GENE,1, 
HSD17B8, ,GENE,1, 
HSD3B1, ,GENE,1, 
HSF1, ,GENE,1, 
HSPA1A, ,GENE,1, 
HSPA8, ,GENE,1, 
HSPA9, ,GENE,1, 
HSPB1, ,GENE,1, 
HSPE1, ,GENE,1, 
HSPG2, ,GENE,1, 
HTATIP2, ,GENE,1, 
HTL, ,GENE,1, 
HTN3, ,GENE,1, 
HULC, ,GENE,1, 
ICA1, ,GENE,1, 
ICAM2, ,GENE,1, 
IDE, ,GENE,1, 
IDH1, ,GENE,1, 
IFI6, ,GENE,1, 
IFIT1, ,GENE,1, 
IFIT2, ,GENE,1, 
IFIT3, ,GENE,1, 
IFIT5, ,GENE,1, 
IFITM1, ,GENE,1, 
IFITM2, ,GENE,1, 
IFITM3, ,GENE,1, 
IFNA14, ,GENE,1, 
IFNAR1, ,GENE,1, 
IFNGR1, ,GENE,1, 
IFNGR2, ,GENE,1, 
IFNL3, ,GENE,1, 
IFNL4, ,GENE,1, 
IFNLR1, ,GENE,1, 
IFNR, ,GENE,1, 
IFT81, ,GENE,1, 
IGES, ,GENE,1, 
IGF2, ,GENE,1, 
IGF2BP1, ,GENE,1, 
IGF2R, ,GENE,1, 
IGFBP7, ,GENE,1, 
IGH, ,GENE,1, 
IGHD, ,GENE,1, 
IGHV1-69, ,GENE,1, 
IGKV2-18, ,GENE,1, 
IGKV2D-26, ,GENE,1, 
IGKV3D-15, ,GENE,1, 
IGKV4-1, ,GENE,1, 
IGSF1, ,GENE,1, 
IGSF8, ,GENE,1, 
IKBKG, ,GENE,1, 
IL12A, ,GENE,1, 
IL12RB1, ,GENE,1, 
IL17RC, ,GENE,1, 
IL27RA, ,GENE,1, 
IL28A, ,GENE,1, 
IL29, ,GENE,1, 
IL2RG, ,GENE,1, 
ILF2, ,GENE,1, 
ILF3, ,GENE,1, 
ILVBL, ,GENE,1, 
IMMP1L, ,GENE,1, 
IMMT, ,GENE,1, 
INPPL1, ,GENE,1, 
INTS6, ,GENE,1, 
IPPK, ,GENE,1, 
IQGAP1, ,GENE,1, 
IREB2, ,GENE,1, 
IRF9, ,GENE,1, 
IRS1, ,GENE,1, 
ISCU, ,GENE,1, 
ISG15, ,GENE,1, 
ISG20, ,GENE,1, 
ITGAV, ,GENE,1, 
ITGB3, ,GENE,1, 
ITIH4, ,GENE,1, 
ITK, ,GENE,1, 
ITPA, ,GENE,1, 
IV, ,GENE,1, 
IVD, ,GENE,1, 
JMJD6, ,GENE,1, 
KAL1, ,GENE,1, 
KALRN, ,GENE,1, 
KAP, ,GENE,1, 
KAT2B, ,GENE,1, 
KAT5, ,GENE,1, 
KCNB1, ,GENE,1, 
KCNH1, ,GENE,1, 
KCNH2, ,GENE,1, 
KCNN1, ,GENE,1, 
KCTD9, ,GENE,1, 
KDM1A, ,GENE,1, 
KDM5B, ,GENE,1, 
KIAA0226, ,GENE,1, 
KIF22, ,GENE,1, 
KIF5B, ,GENE,1, 
KIFC3, ,GENE,1, 
KIR2DS1, ,GENE,1, 
KIR2DS3, ,GENE,1, 
KIR2DS4, ,GENE,1, 
KIR3DS1, ,GENE,1, 
KIT, ,GENE,1, 
KLF6, ,GENE,1, 
KLHL1, ,GENE,1, 
KLHL2, ,GENE,1, 
KLHL40, ,GENE,1, 
KLK3, ,GENE,1, 
KLRC1, ,GENE,1, 
KMO, ,GENE,1, 
KPNA1, ,GENE,1, 
KPNA5, ,GENE,1, 
KRR1, ,GENE,1, 
KRT12, ,GENE,1, 
KRT18, ,GENE,1, 
KRT20, ,GENE,1, 
KRT31, ,GENE,1, 
KRT32, ,GENE,1, 
KRT81, ,GENE,1, 
KRTAP1-1, ,GENE,1, 
KYNU, ,GENE,1, 
LAG3, ,GENE,1, 
LAMP2, ,GENE,1, 
LAMP3, ,GENE,1, 
LAMTOR5, ,GENE,1, 
LANCL2, ,GENE,1, 
LARS2, ,GENE,1, 
LBP, ,GENE,1, 
LCH, ,GENE,1, 
LCK, ,GENE,1, 
LCS1, ,GENE,1, 
LDHD, ,GENE,1, 
LDLR, ,GENE,1, 
LECT1, ,GENE,1, 
LEF1, ,GENE,1, 
LEO1, ,GENE,1, 
LGALS4, ,GENE,1, 
LGMN, ,GENE,1, 
LILRB1, ,GENE,1, 
LIN28B, ,GENE,1, 
LIN9, ,GENE,1, 
LIPA, ,GENE,1, 
LIPB, ,GENE,1, 
LIPC, ,GENE,1, 
LIPE, ,GENE,1, 
LIPI, ,GENE,1, 
LIPM, ,GENE,1, 
LMLN, ,GENE,1, 
LNPEP, ,GENE,1, 
LONP1, ,GENE,1, 
LPHN1, ,GENE,1, 
LPO, ,GENE,1, 
LPP, ,GENE,1, 
LRRFIP1, ,GENE,1, 
LRSAM1, ,GENE,1, 
LSAMP, ,GENE,1, 
LSM1, ,GENE,1, 
LSR, ,GENE,1, 
LTA4H, ,GENE,1, 
LUC7L3, ,GENE,1, 
LUM, ,GENE,1, 
LY6E, ,GENE,1, 
LY96, ,GENE,1, 
LYPD5, ,GENE,1, 
LYPLA1, ,GENE,1, 
MAF, ,GENE,1, 
MAG, ,GENE,1, 
MAGT1, ,GENE,1, 
MAK, ,GENE,1, 
MALAT1, ,GENE,1, 
MALT1, ,GENE,1, 
MAN2B1, ,GENE,1, 
MANEA, ,GENE,1, 
MAP2K1, ,GENE,1, 
MAP2K2, ,GENE,1, 
MAP3K5, ,GENE,1, 
MAP4, ,GENE,1, 
MAPKAPK2, ,GENE,1, 
MARCO, ,GENE,1, 
MARS, ,GENE,1, 
MBD3, ,GENE,1, 
MBL3P, ,GENE,1, 
MCF2L, ,GENE,1, 
MCF2L2, ,GENE,1, 
MCM8, ,GENE,1, 
MCM9, ,GENE,1, 
MDFIC, ,GENE,1, 
MDH2, ,GENE,1, 
MED28, ,GENE,1, 
METTL3, ,GENE,1, 
METTL7A, ,GENE,1, 
MFAP4, ,GENE,1, 
MFN1, ,GENE,1, 
MGAT3, ,GENE,1, 
MGLL, ,GENE,1, 
MIOX, ,GENE,1, 
MIR1-1, ,GENE,1, 
MIR122, ,GENE,1, 
MIR1236, ,GENE,1, 
MIR124-1, ,GENE,1, 
MIR125A, ,GENE,1, 
MIR1269B, ,GENE,1, 
MIR130A, ,GENE,1, 
MIR132, ,GENE,1, 
MIR140, ,GENE,1, 
MIR141, ,GENE,1, 
MIR15B, ,GENE,1, 
MIR16-1, ,GENE,1, 
MIR17, ,GENE,1, 
MIR17HG, ,GENE,1, 
MIR181C, ,GENE,1, 
MIR193B, ,GENE,1, 
MIR200A, ,GENE,1, 
MIR204, ,GENE,1, 
MIR208B, ,GENE,1, 
MIR210, ,GENE,1, 
MIR215, ,GENE,1, 
MIR221, ,GENE,1, 
MIR222, ,GENE,1, 
MIR223, ,GENE,1, 
MIR224, ,GENE,1, 
MIR26B, ,GENE,1, 
MIR27A, ,GENE,1, 
MIR296, ,GENE,1, 
MIR29B2, ,GENE,1, 
MIR29C, ,GENE,1, 
MIR30B, ,GENE,1, 
MIR30E, ,GENE,1, 
MIR331, ,GENE,1, 
MIR34C, ,GENE,1, 
MIR3614, ,GENE,1, 
MIR367, ,GENE,1, 
MIR372, ,GENE,1, 
MIR373, ,GENE,1, 
MIR375, ,GENE,1, 
MIR3928, ,GENE,1, 
MIR448, ,GENE,1, 
MIR449A, ,GENE,1, 
MIR484, ,GENE,1, 
MIR501, ,GENE,1, 
MIR545, ,GENE,1, 
MIR604, ,GENE,1, 
MIR638, ,GENE,1, 
MIR744, ,GENE,1, 
MIR942, ,GENE,1, 
MIRLET7B, ,GENE,1, 
MIRLET7C, ,GENE,1, 
MIRLET7G, ,GENE,1, 
MKNK1, ,GENE,1, 
MLC1, ,GENE,1, 
MLN, ,GENE,1, 
MMAB, ,GENE,1, 
MNT, ,GENE,1, 
MOG, ,GENE,1, 
MOGAT2, ,GENE,1, 
MORF4, ,GENE,1, 
MOV10, ,GENE,1, 
MPG, ,GENE,1, 
MPI, ,GENE,1, 
MPL, ,GENE,1, 
MR1, ,GENE,1, 
MSD, ,GENE,1, 
MSLN, ,GENE,1, 
MSRA, ,GENE,1, 
MSRB2, ,GENE,1, 
MT2A, ,GENE,1, 
MT4, ,GENE,1, 
MT-CYB, ,GENE,1, 
MTDH, ,GENE,1, 
MTM1, ,GENE,1, 
MTMR11, ,GENE,1, 
MTR, ,GENE,1, 
MTRNR2L10, ,GENE,1, 
MTTP, ,GENE,1, 
MTUS1, ,GENE,1, 
MUC22, ,GENE,1, 
MX2, ,GENE,1, 
MYB, ,GENE,1, 
MYC, ,GENE,1, 
MYH9, ,GENE,1, 
MYL4, ,GENE,1, 
MYLK3, ,GENE,1, 
MYO10, ,GENE,1, 
MYO1G, ,GENE,1, 
MYO6, ,GENE,1, 
NADK, ,GENE,1, 
NAF1, ,GENE,1, 
NAGA, ,GENE,1, 
NAGK, ,GENE,1, 
NAGS, ,GENE,1, 
NANOG, ,GENE,1, 
NAP1L1, ,GENE,1, 
NAP1L4, ,GENE,1, 
NARFL, ,GENE,1, 
NAT1, ,GENE,1, 
NAT2, ,GENE,1, 
NBPF15, ,GENE,1, 
NCAPG2, ,GENE,1, 
NCL, ,GENE,1, 
NCR2, ,GENE,1, 
NCR3, ,GENE,1, 
NDRG1, ,GENE,1, 
NDUFA13, ,GENE,1, 
NDUFA2, ,GENE,1, 
NEAT1, ,GENE,1, 
NEDD4, ,GENE,1, 
NEDD4L, ,GENE,1, 
NELF, ,GENE,1, 
NELFE, ,GENE,1, 
NEU2, ,GENE,1, 
NF2, ,GENE,1, 
NFAT5, ,GENE,1, 
NFATC2, ,GENE,1, 
NFS1, ,GENE,1, 
NGFR, ,GENE,1, 
NLN, ,GENE,1, 
NLRC4, ,GENE,1, 
NLRP1, ,GENE,1, 
NLRP12, ,GENE,1, 
NLRP7, ,GENE,1, 
NLRX1, ,GENE,1, 
NME2P1, ,GENE,1, 
NME4, ,GENE,1, 
NMT1, ,GENE,1, 
NNT, ,GENE,1, 
NOC2L, ,GENE,1, 
NPC1, ,GENE,1, 
NPC1L1, ,GENE,1, 
NPCDR1, ,GENE,1, 
NPHS1, ,GENE,1, 
NPL, ,GENE,1, 
NPM1, ,GENE,1, 
NPPA, ,GENE,1, 
NPPC, ,GENE,1, 
NPR1, ,GENE,1, 
NPR3, ,GENE,1, 
NPY4R, ,GENE,1, 
NQO1, ,GENE,1, 
NR0B2, ,GENE,1, 
NR1D2, ,GENE,1, 
NR1H4, ,GENE,1, 
NR2F1, ,GENE,1, 
NR4A3, ,GENE,1, 
NR5A2, ,GENE,1, 
NRCAM, ,GENE,1, 
NRGN, ,GENE,1, 
NS2, ,GENE,1, 
NSL1, ,GENE,1, 
NSUN5, ,GENE,1, 
NT5C1A, ,GENE,1, 
NT5E, ,GENE,1, 
NTRK3, ,GENE,1, 
NTS, ,GENE,1, 
NUCB1, ,GENE,1, 
NUP153, ,GENE,1, 
NUP98, ,GENE,1, 
NXF1, ,GENE,1, 
NXT1, ,GENE,1, 
OAS1, ,GENE,1, 
OAS3, ,GENE,1, 
OASL, ,GENE,1, 
OBP2A, ,GENE,1, 
OGG1, ,GENE,1, 
OLFM4, ,GENE,1, 
OPLAH, ,GENE,1, 
OPN1SW, ,GENE,1, 
OPRD1, ,GENE,1, 
OPRK1, ,GENE,1, 
OPTN, ,GENE,1, 
OR10A4, ,GENE,1, 
OSBP, ,GENE,1, 
OSBP2, ,GENE,1, 
OTC, ,GENE,1, 
OTOR, ,GENE,1, 
OVGP1, ,GENE,1, 
OXT, ,GENE,1, 
P2RY12, ,GENE,1, 
P4HB, ,GENE,1, 
PA2G4, ,GENE,1, 
PABPC1, ,GENE,1, 
PABPC4, ,GENE,1, 
PACAP, ,GENE,1, 
PAF1, ,GENE,1, 
PAH, ,GENE,1, 
PAK1, ,GENE,1, 
PAK2, ,GENE,1, 
PANX1, ,GENE,1, 
PAOX, ,GENE,1, 
PARK2, ,GENE,1, 
PARPBP, ,GENE,1, 
PAWR, ,GENE,1, 
PAX2, ,GENE,1, 
PC, ,GENE,1, 
PCBD1, ,GENE,1, 
PCBP1, ,GENE,1, 
PCBP2, ,GENE,1, 
PCF11, ,GENE,1, 
PCK1, ,GENE,1, 
PCK2, ,GENE,1, 
PCNT, ,GENE,1, 
PCSK5, ,GENE,1, 
PCSK7, ,GENE,1, 
PCSK9, ,GENE,1, 
PDCD1LG2, ,GENE,1, 
PDCD6IP, ,GENE,1, 
PDE6D, ,GENE,1, 
PDE8A, ,GENE,1, 
PDIA2, ,GENE,1, 
PDIK1L, ,GENE,1, 
PDLIM5, ,GENE,1, 
PDLIM7, ,GENE,1, 
PDP1, ,GENE,1, 
PDPN, ,GENE,1, 
PDR, ,GENE,1, 
PDS5B, ,GENE,1, 
PDSS1, ,GENE,1, 
PDXK, ,GENE,1, 
PDXP, ,GENE,1, 
PDZK1, ,GENE,1, 
PEBP1, ,GENE,1, 
PEPB, ,GENE,1, 
PEPE, ,GENE,1, 
PER1, ,GENE,1, 
PFAS, ,GENE,1, 
PFDN1, ,GENE,1, 
PFN2, ,GENE,1, 
PGC, ,GENE,1, 
PGD, ,GENE,1, 
PGP, ,GENE,1, 
PGPEP1, ,GENE,1, 
PGRMC1, ,GENE,1, 
PHB, ,GENE,1, 
PHF12, ,GENE,1, 
PHGDH, ,GENE,1, 
PHIP, ,GENE,1, 
PI4KA, ,GENE,1, 
PI4KB, ,GENE,1, 
PIAS2, ,GENE,1, 
PIEZO1, ,GENE,1, 
PIK3CD, ,GENE,1, 
PIKFYVE, ,GENE,1, 
PIM1, ,GENE,1, 
PIP, ,GENE,1, 
PKD1, ,GENE,1, 
PKLR, ,GENE,1, 
PKM, ,GENE,1, 
PKN2, ,GENE,1, 
PLA1A, ,GENE,1, 
PLA2G2A, ,GENE,1, 
PLA2G2D, ,GENE,1, 
PLA2G6, ,GENE,1, 
PLB1, ,GENE,1, 
PLEKHA8, ,GENE,1, 
PLEKHF1, ,GENE,1, 
PLIN3, ,GENE,1, 
PLK1, ,GENE,1, 
PLP1, ,GENE,1, 
PLSCR1, ,GENE,1, 
PMAIP1, ,GENE,1, 
PMEL, ,GENE,1, 
PNMA3, ,GENE,1, 
PNP, ,GENE,1, 
PNPLA3, ,GENE,1, 
PNPT1, ,GENE,1, 
POLB, ,GENE,1, 
POLD4, ,GENE,1, 
POLE3, ,GENE,1, 
POLI, ,GENE,1, 
POLR2E, ,GENE,1, 
POR, ,GENE,1, 
POU5F1, ,GENE,1, 
PPA1, ,GENE,1, 
PPARGC1A, ,GENE,1, 
PPEF1, ,GENE,1, 
PPIB, ,GENE,1, 
PPIF, ,GENE,1, 
PPOX, ,GENE,1, 
PPP1R14B, ,GENE,1, 
PPP1R15A, ,GENE,1, 
PPP1R2, ,GENE,1, 
PPP1R42, ,GENE,1, 
PPP1R8, ,GENE,1, 
PPP5C, ,GENE,1, 
PPT2, ,GENE,1, 
PRB1, ,GENE,1, 
PRDX5, ,GENE,1, 
PRDX6, ,GENE,1, 
PRF1, ,GENE,1, 
PRKAA2, ,GENE,1, 
PRKAR1A, ,GENE,1, 
PRKCSH, ,GENE,1, 
PRKDC, ,GENE,1, 
PRKG1, ,GENE,1, 
PRMT1, ,GENE,1, 
PRMT6, ,GENE,1, 
PRNP, ,GENE,1, 
PRNT, ,GENE,1, 
PROCR, ,GENE,1, 
PROM1, ,GENE,1, 
PRPH2, ,GENE,1, 
PRRT2, ,GENE,1, 
PRSS21, ,GENE,1, 
PRSS27, ,GENE,1, 
PRX, ,GENE,1, 
PSCA, ,GENE,1, 
PSEN1, ,GENE,1, 
PSEN2, ,GENE,1, 
PSG5, ,GENE,1, 
PSIP1, ,GENE,1, 
PSMA7, ,GENE,1, 
PSMB9, ,GENE,1, 
PSMC5, ,GENE,1, 
PSMC6, ,GENE,1, 
PSMD10, ,GENE,1, 
PSME3, ,GENE,1, 
PSPH, ,GENE,1, 
PTBP2, ,GENE,1, 
PTCH1, ,GENE,1, 
PTK2, ,GENE,1, 
PTMA, ,GENE,1, 
PTPN6, ,GENE,1, 
PTPRA, ,GENE,1, 
PTPRU, ,GENE,1, 
PTS, ,GENE,1, 
PURA, ,GENE,1, 
PVR, ,GENE,1, 
PVRL1, ,GENE,1, 
PVRL4, ,GENE,1, 
RA2, ,GENE,1, 
RAB11A, ,GENE,1, 
RAB14, ,GENE,1, 
RAB18, ,GENE,1, 
RAB1A, ,GENE,1, 
RAB27A, ,GENE,1, 
RAB32, ,GENE,1, 
RAB4A, ,GENE,1, 
RAB5A, ,GENE,1, 
RAB6A, ,GENE,1, 
RAB7A, ,GENE,1, 
RAB9A, ,GENE,1, 
RAD51B, ,GENE,1, 
RAG1, ,GENE,1, 
RANBP2, ,GENE,1, 
RANBP3, ,GENE,1, 
RAPGEF3, ,GENE,1, 
RASGRF1, ,GENE,1, 
RB1, ,GENE,1, 
RB1CC1, ,GENE,1, 
RBM22, ,GENE,1, 
RBM5, ,GENE,1, 
RBMS1, ,GENE,1, 
RBP4, ,GENE,1, 
RCHY1, ,GENE,1, 
RCN1, ,GENE,1, 
RCOR3, ,GENE,1, 
RDX, ,GENE,1, 
REEP5, ,GENE,1, 
RELA, ,GENE,1, 
RELB, ,GENE,1, 
RELT, ,GENE,1, 
REM1, ,GENE,1, 
REV1, ,GENE,1, 
REXO1L1, ,GENE,1, 
RGMA, ,GENE,1, 
RHO, ,GENE,1, 
RHOA, ,GENE,1, 
RHOF, ,GENE,1, 
RIDA, ,GENE,1, 
RIPK1, ,GENE,1, 
RIT1, ,GENE,1, 
RIT2, ,GENE,1, 
RMST, ,GENE,1, 
RN7SK, ,GENE,1, 
RN7SL1, ,GENE,1, 
RNASE1, ,GENE,1, 
RNASEK, ,GENE,1, 
RNASEL, ,GENE,1, 
RNF115, ,GENE,1, 
RNF7, ,GENE,1, 
RP1, ,GENE,1, 
RPA1, ,GENE,1, 
RPAIN, ,GENE,1, 
RPE, ,GENE,1, 
RPL22, ,GENE,1, 
RPL41, ,GENE,1, 
RPL7A, ,GENE,1, 
RPPH1, ,GENE,1, 
RPS2, ,GENE,1, 
RPS5, ,GENE,1, 
RPS6KB1, ,GENE,1, 
RPS6KB3, ,GENE,1, 
RRM2, ,GENE,1, 
RSAD2, ,GENE,1, 
RSL1D1, ,GENE,1, 
RTN3, ,GENE,1, 
RUVBL2, ,GENE,1, 
RWS, ,GENE,1, 
S100A10, ,GENE,1, 
S1PR2, ,GENE,1, 
SACM1L, ,GENE,1, 
SACS, ,GENE,1, 
SALL1, ,GENE,1, 
SAMD9L, ,GENE,1, 
SAMHD1, ,GENE,1, 
SARM1, ,GENE,1, 
SARS, ,GENE,1, 
SART1, ,GENE,1, 
SAT1, ,GENE,1, 
SCA29, ,GENE,1, 
SCAMP3, ,GENE,1, 
SCAP, ,GENE,1, 
SCARB1, ,GENE,1, 
SCD, ,GENE,1, 
SCD5, ,GENE,1, 
SCLT1, ,GENE,1, 
SCNN1A, ,GENE,1, 
SCP2, ,GENE,1, 
SCPEP1, ,GENE,1, 
SDC2, ,GENE,1, 
SDHB, ,GENE,1, 
SDHD, ,GENE,1, 
SDS, ,GENE,1, 
SDTY1, ,GENE,1, 
SEC14L2, ,GENE,1, 
SELENBP1, ,GENE,1, 
SENP7, ,GENE,1, 
SENP8, ,GENE,1, 
SEPT9, ,GENE,1, 
SERINC3, ,GENE,1, 
SERINC5, ,GENE,1, 
SERPINA7, ,GENE,1, 
SERPINB1, ,GENE,1, 
SERPINB2, ,GENE,1, 
SERPINB4, ,GENE,1, 
SERPINB6, ,GENE,1, 
SERPIND1, ,GENE,1, 
SETD1A, ,GENE,1, 
SETD1B, ,GENE,1, 
SETDB1, ,GENE,1, 
SETDB2, ,GENE,1, 
SEZ6L2, ,GENE,1, 
SFPQ, ,GENE,1, 
SFRP1, ,GENE,1, 
SFTPA1, ,GENE,1, 
SFTPA2, ,GENE,1, 
SFTPC, ,GENE,1, 
SFTPD, ,GENE,1, 
SGK1, ,GENE,1, 
SH2B1, ,GENE,1, 
SH2D3A, ,GENE,1, 
SH2D3C, ,GENE,1, 
SH3RF1, ,GENE,1, 
SHFM1, ,GENE,1, 
SHH, ,GENE,1, 
SHISA5, ,GENE,1, 
SHMT2, ,GENE,1, 
SIGLEC7, ,GENE,1, 
SIRT2, ,GENE,1, 
SIRT3, ,GENE,1, 
SIRT7, ,GENE,1, 
SKIV2L, ,GENE,1, 
SKP1, ,GENE,1, 
SKP2, ,GENE,1, 
SLA, ,GENE,1, 
SLAMF6, ,GENE,1, 
SLC10A1, ,GENE,1, 
SLC10A2, ,GENE,1, 
SLC25A3, ,GENE,1, 
SLC26A3, ,GENE,1, 
SLC26A8, ,GENE,1, 
SLC2A1, ,GENE,1, 
SLC38A2, ,GENE,1, 
SLC39A1, ,GENE,1, 
SLC39A2, ,GENE,1, 
SLC40A1, ,GENE,1, 
SLC44A4, ,GENE,1, 
SLC5A5, ,GENE,1, 
SLC6A12, ,GENE,1, 
SLC6A3, ,GENE,1, 
SLC7A5, ,GENE,1, 
SLC9A3R1, ,GENE,1, 
SLFN11, ,GENE,1, 
SLIT2, ,GENE,1, 
SLN, ,GENE,1, 
SLURP1, ,GENE,1, 
SMARCA1, ,GENE,1, 
SMARCB1, ,GENE,1, 
SMC5, ,GENE,1, 
SMN1, ,GENE,1, 
SMO, ,GENE,1, 
SMOC1, ,GENE,1, 
SMOX, ,GENE,1, 
SMPD1, ,GENE,1, 
SMPD2, ,GENE,1, 
SMS, ,GENE,1, 
SMYD3, ,GENE,1, 
SNAPIN, ,GENE,1, 
SNX18, ,GENE,1, 
SOCS2, ,GENE,1, 
SOCS4, ,GENE,1, 
SOD1, ,GENE,1, 
SORD, ,GENE,1, 
SOX4, ,GENE,1, 
SP2, ,GENE,1, 
SP4, ,GENE,1, 
SP6, ,GENE,1, 
SPCS3, ,GENE,1, 
SPDEF, ,GENE,1, 
SPEG, ,GENE,1, 
SPI1, ,GENE,1, 
SPN, ,GENE,1, 
SPR, ,GENE,1, 
SRC, ,GENE,1, 
SREBF2, ,GENE,1, 
SRFBP1, ,GENE,1, 
SRM, ,GENE,1, 
SRPK2, ,GENE,1, 
SRSF6, ,GENE,1, 
SRY, ,GENE,1, 
SSAV1, ,GENE,1, 
SSPN, ,GENE,1, 
ST13, ,GENE,1, 
ST14, ,GENE,1, 
ST6GAL1, ,GENE,1, 
ST8SIA2, ,GENE,1, 
STAT2, ,GENE,1, 
STAT5B, ,GENE,1, 
STATH, ,GENE,1, 
STH, ,GENE,1, 
STL, ,GENE,1, 
STT3A, ,GENE,1, 
STT3B, ,GENE,1, 
STX1A, ,GENE,1, 
STX2, ,GENE,1, 
STX8, ,GENE,1, 
SUB1, ,GENE,1, 
SULT1A3, ,GENE,1, 
SUMF2, ,GENE,1, 
SUMO1, ,GENE,1, 
SUN1, ,GENE,1, 
SUN2, ,GENE,1, 
SUPT5H, ,GENE,1, 
SYCN, ,GENE,1, 
SYNCRIP, ,GENE,1, 
SYNPO, ,GENE,1, 
TACR1, ,GENE,1, 
TAF1B, ,GENE,1, 
TAF8, ,GENE,1, 
TAPBP, ,GENE,1, 
TARBP1, ,GENE,1, 
TARBP2, ,GENE,1, 
TARBP2P, ,GENE,1, 
TAS2R38, ,GENE,1, 
TAS2R63P, ,GENE,1, 
TAX1BP1, ,GENE,1, 
TBC1D20, ,GENE,1, 
TBC1D24, ,GENE,1, 
TBC1D8, ,GENE,1, 
TBX22, ,GENE,1, 
TCERG1, ,GENE,1, 
TCF15, ,GENE,1, 
TCN1, ,GENE,1, 
TCOF1, ,GENE,1, 
TDO2, ,GENE,1, 
TDP2, ,GENE,1, 
TECPR1, ,GENE,1, 
TEKT5, ,GENE,1, 
TEP1, ,GENE,1, 
TERF1, ,GENE,1, 
TERT, ,GENE,1, 
TET1, ,GENE,1, 
TFCP2, ,GENE,1, 
TFP1, ,GENE,1, 
TGDS, ,GENE,1, 
TGS1, ,GENE,1, 
THAS, ,GENE,1, 
TIA1, ,GENE,1, 
TICAM1, ,GENE,1, 
TIRAP, ,GENE,1, 
TJAP1, ,GENE,1, 
TLN1, ,GENE,1, 
TLR10, ,GENE,1, 
TLR6, ,GENE,1, 
TMBIM6, ,GENE,1, 
TMED3, ,GENE,1, 
TMEM173, ,GENE,1, 
TMEM37, ,GENE,1, 
TMPRSS11D, ,GENE,1, 
TMPRSS13, ,GENE,1, 
TMPRSS2, ,GENE,1, 
TMPRSS4, ,GENE,1, 
TMSB4X, ,GENE,1, 
TNFRSF10D, ,GENE,1, 
TNFRSF8, ,GENE,1, 
TNFSF13, ,GENE,1, 
TNFSF9, ,GENE,1, 
TNPO1, ,GENE,1, 
TNPO3, ,GENE,1, 
TNS3, ,GENE,1, 
TOE1, ,GENE,1, 
TOLLIP, ,GENE,1, 
TP63, ,GENE,1, 
TPCN2, ,GENE,1, 
TPI1, ,GENE,1, 
TPPP2, ,GENE,1, 
TPR, ,GENE,1, 
TPSG1, ,GENE,1, 
TRAF2, ,GENE,1, 
TRB, ,GENE,1, 
TRDMT1, ,GENE,1, 
TREH, ,GENE,1, 
TRGV2, ,GENE,1, 
TRIM11, ,GENE,1, 
TRIM22, ,GENE,1, 
TRIM25, ,GENE,1, 
TRIM28, ,GENE,1, 
TRIM32, ,GENE,1, 
TRIM41, ,GENE,1, 
TRIM5, ,GENE,1, 
TRIM52, ,GENE,1, 
TRIM54, ,GENE,1, 
TRIM56, ,GENE,1, 
TRIM63, ,GENE,1, 
TRIP11, ,GENE,1, 
TRIT1, ,GENE,1, 
TRNAE1, ,GENE,1, 
TSFM, ,GENE,1, 
TSG101, ,GENE,1, 
TSPO, ,GENE,1, 
TSPYL2, ,GENE,1, 
TTN, ,GENE,1, 
TUBA1B, ,GENE,1, 
TWSG1, ,GENE,1, 
TXNDC15, ,GENE,1, 
TXNDC5, ,GENE,1, 
TYMP, ,GENE,1, 
TYMS, ,GENE,1, 
TYR, ,GENE,1, 
UBA7, ,GENE,1, 
UBAC1, ,GENE,1, 
UBAP1, ,GENE,1, 
UBE2I, ,GENE,1, 
UBE2V1, ,GENE,1, 
UBE3A, ,GENE,1, 
UBP1, ,GENE,1, 
UBR4, ,GENE,1, 
UCN2, ,GENE,1, 
UCN3, ,GENE,1, 
UCP2, ,GENE,1, 
UGT1A1, ,GENE,1, 
UHRF2, ,GENE,1, 
UMOD, ,GENE,1, 
UMPS, ,GENE,1, 
UNC119, ,GENE,1, 
UNC5A, ,GENE,1, 
UNG, ,GENE,1, 
UPF1, ,GENE,1, 
URI1, ,GENE,1, 
UROC1, ,GENE,1, 
USF1, ,GENE,1, 
USP11, ,GENE,1, 
USP18, ,GENE,1, 
USP47, ,GENE,1, 
UVRAG, ,GENE,1, 
VAC14, ,GENE,1, 
VAPA, ,GENE,1, 
VAPB, ,GENE,1, 
VASP, ,GENE,1, 
VCL, ,GENE,1, 
VENTXP1, ,GENE,1, 
VIM2P, ,GENE,1, 
VIPR1, ,GENE,1, 
VIPR2, ,GENE,1, 
VLDLR, ,GENE,1, 
VN1R2, ,GENE,1, 
VNN2, ,GENE,1, 
VPRBP, ,GENE,1, 
VPS4A, ,GENE,1, 
VTN, ,GENE,1, 
WASF2, ,GENE,1, 
WASL, ,GENE,1, 
WFDC1, ,GENE,1, 
WIPI2, ,GENE,1, 
WISP3, ,GENE,1, 
WLS, ,GENE,1, 
WNT11, ,GENE,1, 
WNT3A, ,GENE,1, 
WSN, ,GENE,1, 
WT1, ,GENE,1, 
XCL1, ,GENE,1, 
XCR1, ,GENE,1, 
XDH, ,GENE,1, 
XIAP, ,GENE,1, 
XIST, ,GENE,1, 
XPC, ,GENE,1, 
XPO1, ,GENE,1, 
XRCC5, ,GENE,1, 
XRCC6, ,GENE,1, 
XRN1, ,GENE,1, 
XRN2, ,GENE,1, 
XS, ,GENE,1, 
YAP1, ,GENE,1, 
YBEY, ,GENE,1, 
YES1, ,GENE,1, 
YME1L1, ,GENE,1, 
YY1, ,GENE,1, 
YY1AP1, ,GENE,1, 
ZAP70, ,GENE,1, 
ZAR1, ,GENE,1, 
ZBTB7A, ,GENE,1, 
ZC3H12A, ,GENE,1, 
ZC3HAV1, ,GENE,1, 
ZDHHC2, ,GENE,1, 
ZEB2, ,GENE,1, 
ZHX2, ,GENE,1, 
ZNF175, ,GENE,1, 
ZNF2, ,GENE,1, 
ZNF384, ,GENE,1, 
ZNF569, ,GENE,1, 
ZNF85, ,GENE,1, 
ZNRD1, ,GENE,1, 
ZNRD1-AS1, ,GENE,1, 
AADAT, ,GENE,1, 
ABCA7, ,GENE,1, 
ABCB10P1, ,GENE,1, 
ABP1, ,GENE,1, 
ACAT1, ,GENE,1, 
ACSL6, ,GENE,1, 
AD8, ,GENE,1, 
ADAMTS10, ,GENE,1, 
ADCY3, ,GENE,1, 
ADCY5, ,GENE,1, 
ADCY8, ,GENE,1, 
ADD3, ,GENE,1, 
ADNP, ,GENE,1, 
ADNP2, ,GENE,1, 
ADRA2A, ,GENE,1, 
ADRA2C, ,GENE,1, 
ADSL, ,GENE,1, 
ADSS, ,GENE,1, 
AGPS, ,GENE,1, 
AGRN, ,GENE,1, 
AGT, ,GENE,1, 
AGXT2L1, ,GENE,1, 
AIFM1, ,GENE,1, 
AIMP2, ,GENE,1, 
AKT3, ,GENE,1, 
ALDH1A3, ,GENE,1, 
ALG1, ,GENE,1, 
ALG9, ,GENE,1, 
ALLC, ,GENE,1, 
ALMS1, ,GENE,1, 
ALX4, ,GENE,1, 
AMBRA1, ,GENE,1, 
AMY1A, ,GENE,1, 
ANAPC1, ,GENE,1, 
ANK3, ,GENE,1, 
ANKK1, ,GENE,1, 
ANKRD11, ,GENE,1, 
ANMA, ,GENE,1, 
AOC2, ,GENE,1, 
AOC3, ,GENE,1, 
APAF1, ,GENE,1, 
APBA1, ,GENE,1, 
APBA2, ,GENE,1, 
APBB1, ,GENE,1, 
APBB2, ,GENE,1, 
APC, ,GENE,1, 
APCS, ,GENE,1, 
APH1A, ,GENE,1, 
APLP1, ,GENE,1, 
APLP2, ,GENE,1, 
APOA4, ,GENE,1, 
APOC2, ,GENE,1, 
APOD, ,GENE,1, 
ARFGAP1, ,GENE,1, 
ARFGEF1, ,GENE,1, 
ARHGAP32, ,GENE,1, 
ARHGAP33, ,GENE,1, 
ARHGEF7, ,GENE,1, 
ARID1B, ,GENE,1, 
ARNTL, ,GENE,1, 
ARR3, ,GENE,1, 
ARRB1, ,GENE,1, 
ARX, ,GENE,1, 
ASCL1, ,GENE,1, 
ASD1, ,GENE,1, 
ASIC1, ,GENE,1, 
ASMT, ,GENE,1, 
ASTN2, ,GENE,1, 
ATCAY, ,GENE,1, 
ATN1, ,GENE,1, 
ATP13A2, ,GENE,1, 
ATP2B2, ,GENE,1, 
ATP5A1, ,GENE,1, 
ATP7B, ,GENE,1, 
ATXN2, ,GENE,1, 
ATXN3, ,GENE,1, 
AUTS1, ,GENE,1, 
AUTS2, ,GENE,1, 
AVPR1A, ,GENE,1, 
AZU1, ,GENE,1, 
BACE1, ,GENE,1, 
BACE2, ,GENE,1, 
BAG5, ,GENE,1, 
BCKDK, ,GENE,1, 
BCL11A, ,GENE,1, 
BCL2A1, ,GENE,1, 
BCYRN1, ,GENE,1, 
BIN1, ,GENE,1, 
BLMH, ,GENE,1, 
BNIP3L, ,GENE,1, 
BP2, ,GENE,1, 
BP3, ,GENE,1, 
BP4, ,GENE,1, 
BRAF, ,GENE,1, 
BRD1, ,GENE,1, 
BST1, ,GENE,1, 
C4BPB, ,GENE,1, 
C9ORF72, ,GENE,1, 
CA4, ,GENE,1, 
CACNA1A, ,GENE,1, 
CACNA1C, ,GENE,1, 
CACNA1D, ,GENE,1, 
CACNA1H, ,GENE,1, 
CACNA1I, ,GENE,1, 
CACNB2, ,GENE,1, 
CACNG8, ,GENE,1, 
CADPS2, ,GENE,1, 
CALB2, ,GENE,1, 
CALCA, ,GENE,1, 
CALD1, ,GENE,1, 
CALHM1, ,GENE,1, 
CALML5, ,GENE,1, 
CAMK2G, ,GENE,1, 
CAMKK2, ,GENE,1, 
CAPN2, ,GENE,1, 
CAPS2, ,GENE,1, 
CARTPT, ,GENE,1, 
CASP6, ,GENE,1, 
CAST, ,GENE,1, 
CBL, ,GENE,1, 
CBLN1, ,GENE,1, 
CBR1, ,GENE,1, 
CC2D1A, ,GENE,1, 
CCDC62, ,GENE,1, 
CCK, ,GENE,1, 
CCKAR, ,GENE,1, 
CCNB1, ,GENE,1, 
CCNC, ,GENE,1, 
CD33, ,GENE,1, 
CD3D, ,GENE,1, 
CDC25C, ,GENE,1, 
CDH13, ,GENE,1, 
CDH15, ,GENE,1, 
CDH2, ,GENE,1, 
CDK4, ,GENE,1, 
CDKL1, ,GENE,1, 
CDNF, ,GENE,1, 
CDT1, ,GENE,1, 
CEBPA, ,GENE,1, 
CEBPD, ,GENE,1, 
CETN1, ,GENE,1, 
CHCHD2, ,GENE,1, 
CHD8, ,GENE,1, 
CHIT1, ,GENE,1, 
CHM, ,GENE,1, 
CHMP2B, ,GENE,1, 
CHR, ,GENE,1, 
CHRM1, ,GENE,1, 
CHRNA7, ,GENE,1, 
CIB1, ,GENE,1, 
CKAP2, ,GENE,1, 
CLCN1, ,GENE,1, 
CLDN5, ,GENE,1, 
CLINT1, ,GENE,1, 
CMIP, ,GENE,1, 
CMYA5, ,GENE,1, 
CNPY2, ,GENE,1, 
CNTF, ,GENE,1, 
CNTN4, ,GENE,1, 
CNTNAP2, ,GENE,1, 
COL25A1, ,GENE,1, 
COMMD3, ,GENE,1, 
COQ2, ,GENE,1, 
CPB1, ,GENE,1, 
CPLX2, ,GENE,1, 
CPZ, ,GENE,1, 
CRAC1, ,GENE,1, 
CRHBP, ,GENE,1, 
CRHR2, ,GENE,1, 
CRMP1, ,GENE,1, 
CRTC1, ,GENE,1, 
CRY1, ,GENE,1, 
CRY2, ,GENE,1, 
CRYAB, ,GENE,1, 
CRYM, ,GENE,1, 
CSMD1, ,GENE,1, 
CSMD2, ,GENE,1, 
CSNK1A1, ,GENE,1, 
CSNK2B, ,GENE,1, 
CTCFL, ,GENE,1, 
CTNNA2, ,GENE,1, 
CTNND2, ,GENE,1, 
CTSD, ,GENE,1, 
CTXN3, ,GENE,1, 
CUX1, ,GENE,1, 
CXORF36, ,GENE,1, 
CXXC1, ,GENE,1, 
CYFIP1, ,GENE,1, 
CYP17A1, ,GENE,1, 
CYP1A2, ,GENE,1, 
CYP21A2, ,GENE,1, 
CYP46A1, ,GENE,1, 
DAB1, ,GENE,1, 
DAO, ,GENE,1, 
DAOA, ,GENE,1, 
DAOA-AS1, ,GENE,1, 
DAPK1, ,GENE,1, 
DBH, ,GENE,1, 
DBI, ,GENE,1, 
DBN1, ,GENE,1, 
DCR, ,GENE,1, 
DCX, ,GENE,1, 
DEAF1, ,GENE,1, 
DEGS2, ,GENE,1, 
DGCR2, ,GENE,1, 
DGCR6, ,GENE,1, 
DGCR8, ,GENE,1, 
DGKH, ,GENE,1, 
DHH, ,GENE,1, 
DISC1, ,GENE,1, 
DISC2, ,GENE,1, 
DIXDC1, ,GENE,1, 
DLC1, ,GENE,1, 
DLG1, ,GENE,1, 
DLG4, ,GENE,1, 
DLGAP1, ,GENE,1, 
DLGAP2, ,GENE,1, 
DLX6, ,GENE,1, 
DMTN, ,GENE,1, 
DNAJA3, ,GENE,1, 
DNAJC13, ,GENE,1, 
DNAJC6, ,GENE,1, 
DNM1L, ,GENE,1, 
DNMT3B, ,GENE,1, 
DOCK4, ,GENE,1, 
DPP6, ,GENE,1, 
DPYD, ,GENE,1, 
DPYSL2, ,GENE,1, 
DPYSL5, ,GENE,1, 
DRD1, ,GENE,1, 
DRD3, ,GENE,1, 
DRD4, ,GENE,1, 
DRD5, ,GENE,1, 
DST, ,GENE,1, 
DTNBP1, ,GENE,1, 
DVL1P1, ,GENE,1, 
DYRK1A, ,GENE,1, 
EBPL, ,GENE,1, 
ECE1, ,GENE,1, 
EEF2K, ,GENE,1, 
EFHD2, ,GENE,1, 
EFNB2, ,GENE,1, 
EFR3A, ,GENE,1, 
EGR3, ,GENE,1, 
EHMT1, ,GENE,1, 
EN1, ,GENE,1, 
EN2, ,GENE,1, 
ENDOG, ,GENE,1, 
EPHA1, ,GENE,1, 
EPHA4, ,GENE,1, 
ERBB3, ,GENE,1, 
ERBB4, ,GENE,1, 
ERMN, ,GENE,1, 
ESCO1, ,GENE,1, 
ETV5, ,GENE,1, 
FA2H, ,GENE,1, 
FAAH, ,GENE,1, 
FABP3, ,GENE,1, 
FABP7, ,GENE,1, 
FAF1, ,GENE,1, 
FAM3C, ,GENE,1, 
FANCC, ,GENE,1, 
FBXO2, ,GENE,1, 
FBXO7, ,GENE,1, 
FBXW7, ,GENE,1, 
FERMT2, ,GENE,1, 
FEZ1, ,GENE,1, 
FGA, ,GENE,1, 
FGF1, ,GENE,1, 
FGF14, ,GENE,1, 
FGF20, ,GENE,1, 
FGF22, ,GENE,1, 
FGF9, ,GENE,1, 
FIS1, ,GENE,1, 
FKBP4, ,GENE,1, 
FKBP5, ,GENE,1, 
FMR1, ,GENE,1, 
FOLH1, ,GENE,1, 
FOLH1B, ,GENE,1, 
FOLR2, ,GENE,1, 
FOSB, ,GENE,1, 
FOXG1, ,GENE,1, 
FOXP1, ,GENE,1, 
FOXP2, ,GENE,1, 
FRMD6, ,GENE,1, 
FTMT, ,GENE,1, 
FUS, ,GENE,1, 
FXYD6, ,GENE,1, 
FZD3, ,GENE,1, 
GAB2, ,GENE,1, 
GABRA3, ,GENE,1, 
GABRA4, ,GENE,1, 
GABRA6, ,GENE,1, 
GABRB2, ,GENE,1, 
GABRB3, ,GENE,1, 
GABRD, ,GENE,1, 
GAD2, ,GENE,1, 
GAL3ST1, ,GENE,1, 
GALP, ,GENE,1, 
GALR1, ,GENE,1, 
GALR2, ,GENE,1, 
GALR3, ,GENE,1, 
GAP43, ,GENE,1, 
GBA, ,GENE,1, 
GCH1, ,GENE,1, 
GDF2, ,GENE,1, 
GDF5, ,GENE,1, 
GDNF, ,GENE,1, 
GEM, ,GENE,1, 
GET4, ,GENE,1, 
GGA3, ,GENE,1, 
GIGYF2, ,GENE,1, 
GIT1, ,GENE,1, 
GJD2, ,GENE,1, 
GLRX, ,GENE,1, 
GLT8D1, ,GENE,1, 
GM2A, ,GENE,1, 
GMCL1, ,GENE,1, 
GNB1L, ,GENE,1, 
GNB3, ,GENE,1, 
GPC4, ,GENE,1, 
GPHN, ,GENE,1, 
GPM6A, ,GENE,1, 
GPR158, ,GENE,1, 
GPR3, ,GENE,1, 
GPR37, ,GENE,1, 
GPR39, ,GENE,1, 
GPR50, ,GENE,1, 
GPR52, ,GENE,1, 
GPR6, ,GENE,1, 
GPR85, ,GENE,1, 
GPX4, ,GENE,1, 
GRIA1, ,GENE,1, 
GRIA2, ,GENE,1, 
GRIA4, ,GENE,1, 
GRID1, ,GENE,1, 
GRIK1, ,GENE,1, 
GRIK2, ,GENE,1, 
GRIK3, ,GENE,1, 
GRIK4, ,GENE,1, 
GRIN1, ,GENE,1, 
GRIN2A, ,GENE,1, 
GRIN2C, ,GENE,1, 
GRIN2D, ,GENE,1, 
GRIN3A, ,GENE,1, 
GRIN3B, ,GENE,1, 
GRIP1, ,GENE,1, 
GRK5, ,GENE,1, 
GRM1, ,GENE,1, 
GRM2, ,GENE,1, 
GRM3, ,GENE,1, 
GRM4, ,GENE,1, 
GRM5, ,GENE,1, 
GRM7, ,GENE,1, 
GRM8, ,GENE,1, 
GRPR, ,GENE,1, 
GSAP, ,GENE,1, 
GSTO1, ,GENE,1, 
GSTP1, ,GENE,1, 
GSTZ1, ,GENE,1, 
GTS, ,GENE,1, 
GULP1, ,GENE,1, 
H2AFZ, ,GENE,1, 
HBEGF, ,GENE,1, 
HCAR2, ,GENE,1, 
HCG9, ,GENE,1, 
HCN1, ,GENE,1, 
HCN4, ,GENE,1, 
HCRT, ,GENE,1, 
HCRTR1, ,GENE,1, 
HDAC2, ,GENE,1, 
HDAC4, ,GENE,1, 
HDAC5, ,GENE,1, 
HEPACAM, ,GENE,1, 
HERPUD1, ,GENE,1, 
HES4, ,GENE,1, 
HHEX, ,GENE,1, 
HIF3A, ,GENE,1, 
HINT1, ,GENE,1, 
HIP1, ,GENE,1, 
HIP1R, ,GENE,1, 
HIVEP2, ,GENE,1, 
HOMER1, ,GENE,1, 
HOXA1, ,GENE,1, 
HOXB1, ,GENE,1, 
HRH2, ,GENE,1, 
HS3ST1, ,GENE,1, 
HSPB2, ,GENE,1, 
HTR1B, ,GENE,1, 
HTR1F, ,GENE,1, 
HTR2B, ,GENE,1, 
HTR2C, ,GENE,1, 
HTR3A, ,GENE,1, 
HTR4, ,GENE,1, 
HTR5A, ,GENE,1, 
HTR5BP, ,GENE,1, 
HTR6, ,GENE,1, 
HTR7, ,GENE,1, 
HTRA2, ,GENE,1, 
HTT, ,GENE,1, 
IAPP, ,GENE,1, 
IDUA, ,GENE,1, 
IER3IP1, ,GENE,1, 
IFT57, ,GENE,1, 
IGFBP2, ,GENE,1, 
IGLJ2, ,GENE,1, 
IL1RAPL1, ,GENE,1, 
IMPA1, ,GENE,1, 
IMPA2, ,GENE,1, 
INPP5D, ,GENE,1, 
INSR, ,GENE,1, 
IPO5, ,GENE,1, 
IRF6, ,GENE,1, 
IRS2, ,GENE,1, 
ITM2B, ,GENE,1, 
ITPR1, ,GENE,1, 
ITPR3, ,GENE,1, 
ITSN2, ,GENE,1, 
JAKMIP1, ,GENE,1, 
JARID2, ,GENE,1, 
JPH3, ,GENE,1, 
KCNIP3, ,GENE,1, 
KCNJ10, ,GENE,1, 
KCNJ13, ,GENE,1, 
KCNJ2, ,GENE,1, 
KCNJ3, ,GENE,1, 
KCNJ6, ,GENE,1, 
KCNK2, ,GENE,1, 
KCNK9, ,GENE,1, 
KCNMA1, ,GENE,1, 
KCNN3, ,GENE,1, 
KCNQ2, ,GENE,1, 
KCNQ3, ,GENE,1, 
KDM6A, ,GENE,1, 
KIAA0319, ,GENE,1, 
KIF1A, ,GENE,1, 
KMT2C, ,GENE,1, 
KPNA3, ,GENE,1, 
L1CAM, ,GENE,1, 
LAMB1, ,GENE,1, 
LGI1, ,GENE,1, 
LHB, ,GENE,1, 
LHCGR, ,GENE,1, 
LILRB2, ,GENE,1, 
LILRB3, ,GENE,1, 
LINC00271, ,GENE,1, 
LINGO1, ,GENE,1, 
LINGO2, ,GENE,1, 
LMO3, ,GENE,1, 
LMX1A, ,GENE,1, 
LRP8, ,GENE,1, 
LRRC4, ,GENE,1, 
LRRK1, ,GENE,1, 
LRRN3, ,GENE,1, 
LRRTM1, ,GENE,1, 
LRTM1, ,GENE,1, 
MAD1L1, ,GENE,1, 
MAGED1, ,GENE,1, 
MAGI2, ,GENE,1, 
MAMLD1, ,GENE,1, 
MANF, ,GENE,1, 
MAOA, ,GENE,1, 
MAOB, ,GENE,1, 
MAP1S, ,GENE,1, 
MAP2, ,GENE,1, 
MAP4K4, ,GENE,1, 
MAP6, ,GENE,1, 
MAPK10, ,GENE,1, 
MAPK8IP1, ,GENE,1, 
MAPT, ,GENE,1, 
MAPT-AS1, ,GENE,1, 
MARK2, ,GENE,1, 
MBD1, ,GENE,1, 
MBD5, ,GENE,1, 
MC1R, ,GENE,1, 
MCCC2, ,GENE,1, 
MCIDAS, ,GENE,1, 
MCIN, ,GENE,1, 
MDGA1, ,GENE,1, 
MED12, ,GENE,1, 
MEF2C, ,GENE,1, 
MEF2D, ,GENE,1, 
MEGF10, ,GENE,1, 
MEIS2, ,GENE,1, 
MGEA5, ,GENE,1, 
MGS, ,GENE,1, 
MIAT, ,GENE,1, 
MIDN, ,GENE,1, 
MIR107, ,GENE,1, 
MIR10B, ,GENE,1, 
MIR1202, ,GENE,1, 
MIR133B, ,GENE,1, 
MIR134, ,GENE,1, 
MIR137, ,GENE,1, 
MIR182, ,GENE,1, 
MIR183, ,GENE,1, 
MIR195, ,GENE,1, 
MIR206, ,GENE,1, 
MIR212, ,GENE,1, 
MIR219-1, ,GENE,1, 
MIR342, ,GENE,1, 
MIR346, ,GENE,1, 
MIR433, ,GENE,1, 
MIR497, ,GENE,1, 
MIR615, ,GENE,1, 
MIR656, ,GENE,1, 
MLH1, ,GENE,1, 
MLH3, ,GENE,1, 
MMEL1, ,GENE,1, 
MMP16, ,GENE,1, 
MMP24, ,GENE,1, 
MT3, ,GENE,1, 
MT-CO1, ,GENE,1, 
MTHFD1, ,GENE,1, 
MTSS1, ,GENE,1, 
MVP, ,GENE,1, 
MYOCD, ,GENE,1, 
MYT1L, ,GENE,1, 
NAE1, ,GENE,1, 
NBEA, ,GENE,1, 
NBL1, ,GENE,1, 
NBN, ,GENE,1, 
NCAN, ,GENE,1, 
NCS1, ,GENE,1, 
NCSTN, ,GENE,1, 
ND1, ,GENE,1, 
ND2, ,GENE,1, 
ND5, ,GENE,1, 
NDE1, ,GENE,1, 
NDEL1, ,GENE,1, 
NDP, ,GENE,1, 
NDST3, ,GENE,1, 
NDUFV2, ,GENE,1, 
NEDD9, ,GENE,1, 
NEFH, ,GENE,1, 
NEFL, ,GENE,1, 
NEFM, ,GENE,1, 
NEIL1, ,GENE,1, 
NEUROD1, ,GENE,1, 
NEUROD6, ,GENE,1, 
NEUROG1, ,GENE,1, 
NEUROKININ A, ,GENE,1, 
NF1, ,GENE,1, 
NGB, ,GENE,1, 
NKAPL, ,GENE,1, 
NKX2-1, ,GENE,1, 
NLGN1, ,GENE,1, 
NLGN3, ,GENE,1, 
NLGN4X, ,GENE,1, 
NLGN4Y, ,GENE,1, 
NLRP6, ,GENE,1, 
NMS, ,GENE,1, 
NOS1AP, ,GENE,1, 
NOTCH3, ,GENE,1, 
NPAS3, ,GENE,1, 
NPAS4, ,GENE,1, 
NPSR1, ,GENE,1, 
NPTX2, ,GENE,1, 
NPTXR, ,GENE,1, 
NQO2, ,GENE,1, 
NR1D1, ,GENE,1, 
NR1H2, ,GENE,1, 
NR2E1, ,GENE,1, 
NR3C2, ,GENE,1, 
NRG1, ,GENE,1, 
NRG2, ,GENE,1, 
NRG3, ,GENE,1, 
NRP2, ,GENE,1, 
NRTN, ,GENE,1, 
NRXN1, ,GENE,1, 
NRXN2, ,GENE,1, 
NRXN3, ,GENE,1, 
NSD1, ,GENE,1, 
NSF, ,GENE,1, 
NT3, ,GENE,1, 
NTF3, ,GENE,1, 
NTF4, ,GENE,1, 
NTNG1, ,GENE,1, 
NTNG2, ,GENE,1, 
NTRK2, ,GENE,1, 
NTSR1, ,GENE,1, 
NUFIP2, ,GENE,1, 
OFC1, ,GENE,1, 
OGDH, ,GENE,1, 
OGT, ,GENE,1, 
OLIG2, ,GENE,1, 
OPN1MW, ,GENE,1, 
OPRL1, ,GENE,1, 
OR2AG1, ,GENE,1, 
OXTR, ,GENE,1, 
P2RY1, ,GENE,1, 
PAEP, ,GENE,1, 
PAFAH1B1, ,GENE,1, 
PAK3, ,GENE,1, 
PAM, ,GENE,1, 
PARK10, ,GENE,1, 
PARK16, ,GENE,1, 
PARK4, ,GENE,1, 
PARK7, ,GENE,1, 
PARL, ,GENE,1, 
PAX6, ,GENE,1, 
PCDH10, ,GENE,1, 
PCDH15, ,GENE,1, 
PCDH19, ,GENE,1, 
PCLO, ,GENE,1, 
PCM1, ,GENE,1, 
PDE10A, ,GENE,1, 
PDE2A, ,GENE,1, 
PDE4B, ,GENE,1, 
PDE5A, ,GENE,1, 
PDE9A, ,GENE,1, 
PDPK1, ,GENE,1, 
PDXDC1, ,GENE,1, 
PEG3, ,GENE,1, 
PER3, ,GENE,1, 
PGAM5, ,GENE,1, 
PHF1, ,GENE,1, 
PHLDA2, ,GENE,1, 
PICALM, ,GENE,1, 
PICK1, ,GENE,1, 
PID1, ,GENE,1, 
PINK1, ,GENE,1, 
PIP4K2A, ,GENE,1, 
PITPNM1, ,GENE,1, 
PITX1, ,GENE,1, 
PITX3, ,GENE,1, 
PLA2G4A, ,GENE,1, 
PLCB1, ,GENE,1, 
PLD3, ,GENE,1, 
PLK2, ,GENE,1, 
PLTP, ,GENE,1, 
PLXNA2, ,GENE,1, 
PNMT, ,GENE,1, 
PNN, ,GENE,1, 
POGZ, ,GENE,1, 
POLE4, ,GENE,1, 
POLG, ,GENE,1, 
POMC, ,GENE,1, 
PORCN, ,GENE,1, 
POU3F1, ,GENE,1, 
PPIL2, ,GENE,1, 
PPL, ,GENE,1, 
PPM1D, ,GENE,1, 
PPP1R1B, ,GENE,1, 
PPP1R3C, ,GENE,1, 
PPP3CC, ,GENE,1, 
PPR1, ,GENE,1, 
PPY, ,GENE,1, 
PRD, ,GENE,1, 
PREP, ,GENE,1, 
PRKCB, ,GENE,1, 
PRKCI, ,GENE,1, 
PRKCZ, ,GENE,1, 
PRODH, ,GENE,1, 
PRODH2, ,GENE,1, 
PRSS3, ,GENE,1, 
PSD, ,GENE,1, 
PSENEN, ,GENE,1, 
PSMD9, ,GENE,1, 
PSPN, ,GENE,1, 
PTCHD1, ,GENE,1, 
PTGDS, ,GENE,1, 
PTH2R, ,GENE,1, 
PTPN4, ,GENE,1, 
PTPRZ1, ,GENE,1, 
PVALB, ,GENE,1, 
PYY, ,GENE,1, 
PZP, ,GENE,1, 
QKI, ,GENE,1, 
RAB11FIP5, ,GENE,1, 
RAB39B, ,GENE,1, 
RAB7L1, ,GENE,1, 
RANBP9, ,GENE,1, 
RAP1A, ,GENE,1, 
RAPGEF4, ,GENE,1, 
RAPGEF5, ,GENE,1, 
RAPGEF6, ,GENE,1, 
RASD2, ,GENE,1, 
RBFOX1, ,GENE,1, 
RBFOX3, ,GENE,1, 
RBM8A, ,GENE,1, 
RCAN1, ,GENE,1, 
RELN, ,GENE,1, 
REST, ,GENE,1, 
RET, ,GENE,1, 
RGS2, ,GENE,1, 
RGS4, ,GENE,1, 
RIEG2, ,GENE,1, 
RLN3, ,GENE,1, 
RLS, ,GENE,1, 
RNF11, ,GENE,1, 
RNF216, ,GENE,1, 
RNF41, ,GENE,1, 
RNY1, ,GENE,1, 
ROBO1, ,GENE,1, 
ROCK1, ,GENE,1, 
RORA, ,GENE,1, 
RORB, ,GENE,1, 
RPL10, ,GENE,1, 
RPTN, ,GENE,1, 
RRS1, ,GENE,1, 
RTN4, ,GENE,1, 
RTN4R, ,GENE,1, 
SCARB2, ,GENE,1, 
SCN1A, ,GENE,1, 
SCN2A, ,GENE,1, 
SCO2, ,GENE,1, 
SEMA5A, ,GENE,1, 
SEMA5B, ,GENE,1, 
SEPT4, ,GENE,1, 
SEPT5, ,GENE,1, 
SERPINA3, ,GENE,1, 
SERPINI1, ,GENE,1, 
SETD2, ,GENE,1, 
SGCA, ,GENE,1, 
SH3GLB1, ,GENE,1, 
SHANK1, ,GENE,1, 
SHANK2, ,GENE,1, 
SHANK3, ,GENE,1, 
SHC2, ,GENE,1, 
SIAH1, ,GENE,1, 
SIGMAR1, ,GENE,1, 
SIRPB1, ,GENE,1, 
SKAP2, ,GENE,1, 
SLC12A2, ,GENE,1, 
SLC12A5, ,GENE,1, 
SLC16A1, ,GENE,1, 
SLC17A7, ,GENE,1, 
SLC18A1, ,GENE,1, 
SLC18A2, ,GENE,1, 
SLC18A3, ,GENE,1, 
SLC1A1, ,GENE,1, 
SLC1A2, ,GENE,1, 
SLC1A3, ,GENE,1, 
SLC1A6, ,GENE,1, 
SLC22A12, ,GENE,1, 
SLC25A12, ,GENE,1, 
SLC25A27, ,GENE,1, 
SLC27A3, ,GENE,1, 
SLC27A4, ,GENE,1, 
SLC27A5, ,GENE,1, 
SLC29A1, ,GENE,1, 
SLC2A3, ,GENE,1, 
SLC2A9, ,GENE,1, 
SLC33A1, ,GENE,1, 
SLC39A8, ,GENE,1, 
SLC41A1, ,GENE,1, 
SLC6A1, ,GENE,1, 
SLC6A2, ,GENE,1, 
SLC6A5, ,GENE,1, 
SLC6A8, ,GENE,1, 
SLC6A9, ,GENE,1, 
SLC7A11, ,GENE,1, 
SLC7A2, ,GENE,1, 
SLC9A6, ,GENE,1, 
SLC9A9, ,GENE,1, 
SMARCA2, ,GENE,1, 
SNAP25, ,GENE,1, 
SNAP91, ,GENE,1, 
SNCA, ,GENE,1, 
SNCAIP, ,GENE,1, 
SNCB, ,GENE,1, 
SNCG, ,GENE,1, 
SOAT1, ,GENE,1, 
SORCS1, ,GENE,1, 
SORL1, ,GENE,1, 
SORT1, ,GENE,1, 
SOX10, ,GENE,1, 
SPNS1, ,GENE,1, 
SPON1, ,GENE,1, 
SRF, ,GENE,1, 
SRR, ,GENE,1, 
SRRM4, ,GENE,1, 
SSTR1, ,GENE,1, 
SSTR4, ,GENE,1, 
STAC3, ,GENE,1, 
STIP1, ,GENE,1, 
STK39, ,GENE,1, 
STMN1, ,GENE,1, 
STMN2, ,GENE,1, 
STXBP1, ,GENE,1, 
SUCLA2, ,GENE,1, 
SULT1A1, ,GENE,1, 
SULT2A1, ,GENE,1, 
SV2A, ,GENE,1, 
SV2C, ,GENE,1, 
SYN1, ,GENE,1, 
SYN2, ,GENE,1, 
SYN3, ,GENE,1, 
SYNE1, ,GENE,1, 
SYNGAP1, ,GENE,1, 
SYNGR1, ,GENE,1, 
SYNJ1, ,GENE,1, 
SYNM, ,GENE,1, 
SYP, ,GENE,1, 
SYT1, ,GENE,1, 
SYT11, ,GENE,1, 
SYVN1, ,GENE,1, 
TAAR1, ,GENE,1, 
TAC1, ,GENE,1, 
TAM, ,GENE,1, 
TAS2R62P, ,GENE,1, 
TAS2R64P, ,GENE,1, 
TBL1XR1, ,GENE,1, 
TBP, ,GENE,1, 
TBR1, ,GENE,1, 
TBX1, ,GENE,1, 
TCAP, ,GENE,1, 
TCF4, ,GENE,1, 
TEF, ,GENE,1, 
TFAM, ,GENE,1, 
TFEB, ,GENE,1, 
TH, ,GENE,1, 
THOP1, ,GENE,1, 
TLE1, ,GENE,1, 
TMEFF2, ,GENE,1, 
TMEM106B, ,GENE,1, 
TMEM175, ,GENE,1, 
TMEM230, ,GENE,1, 
TMLHE, ,GENE,1, 
TNFRSF21, ,GENE,1, 
TNNT2, ,GENE,1, 
TNXB, ,GENE,1, 
TOMM40, ,GENE,1, 
TP53INP2, ,GENE,1, 
TP73, ,GENE,1, 
TPH2, ,GENE,1, 
TPPP, ,GENE,1, 
TRD, ,GENE,1, 
TREM2, ,GENE,1, 
TREML2, ,GENE,1, 
TRIP13, ,GENE,1, 
TRPC1, ,GENE,1, 
TRPC3, ,GENE,1, 
TRPC4, ,GENE,1, 
TRPM2, ,GENE,1, 
TRPM3, ,GENE,1, 
TSC1, ,GENE,1, 
TSC2, ,GENE,1, 
TSHZ3, ,GENE,1, 
TSNARE1, ,GENE,1, 
TSNAX, ,GENE,1, 
TSPAN32, ,GENE,1, 
TSPAN6, ,GENE,1, 
TTBK1, ,GENE,1, 
UBASH3B, ,GENE,1, 
UBB, ,GENE,1, 
UBE2K, ,GENE,1, 
UBQLN1, ,GENE,1, 
UBQLN2, ,GENE,1, 
UBR5, ,GENE,1, 
UCHL1, ,GENE,1, 
UFD1L, ,GENE,1, 
UHMK1, ,GENE,1, 
ULK1, ,GENE,1, 
USP24, ,GENE,1, 
USP30, ,GENE,1, 
USP40, ,GENE,1, 
USP46, ,GENE,1, 
VASH1, ,GENE,1, 
VDAC1, ,GENE,1, 
VEGFB, ,GENE,1, 
VGF, ,GENE,1, 
VPS13C, ,GENE,1, 
VRK1, ,GENE,1, 
VRK2, ,GENE,1, 
VSNL1, ,GENE,1, 
WDFY3, ,GENE,1, 
WDR3, ,GENE,1, 
WFS1, ,GENE,1, 
WIZ, ,GENE,1, 
WNT2, ,GENE,1, 
WWC1, ,GENE,1, 
XIRP1, ,GENE,1, 
XK, ,GENE,1, 
YWHAZ, ,GENE,1, 
ZDHHC17, ,GENE,1, 
ZDHHC8, ,GENE,1, 
ZIC2, ,GENE,1, 
ZNF354C, ,GENE,1, 
ZNF480, ,GENE,1, 
ZNF746, ,GENE,1, 
ZNF804A, ,GENE,1, 
SYSTEMIC LUPUS ERYTHEMATOSUS,SYSTEMIC LUPUS ERYTHEMATOSUS,CONDITION,10,INFLAMMATORY
ANGIITIDES,ANGIITIDES,CONDITION,10,INFLAMMATORY
GRANULOMATOSIS WITH POLYANGIITIS,GRANULOMATOSIS WITH POLYANGIITIS,CONDITION,10,INFLAMMATORY
SJOGREN'S SYNDROME,SJOGREN'S SYNDROME,CONDITION,10,INFLAMMATORY
ASEPTIC NECROSIS OF BONE,ASEPTIC NECROSIS OF BONE,CONDITION,10,INFLAMMATORY
CHRONIC ULCERATIVE COLITIS,CHRONIC ULCERATIVE COLITIS,CONDITION,10,INFLAMMATORY
ARTHRITIS,ARTHRITIS,CONDITION,10,INFLAMMATORY
AGE RELATED OSTEOPOROSIS,AGE RELATED OSTEOPOROSIS,CONDITION,10,INFLAMMATORY
CROHN'S DISEASE,CROHN'S DISEASE,CONDITION,10,INFLAMMATORY
KAWASAKI DISEASE,KAWASAKI DISEASE,CONDITION,10,INFLAMMATORY
POLYCYTHEMIA,POLYCYTHEMIA,CONDITION,10,INFLAMMATORY
PSORIASIS,PSORIASIS,CONDITION,10,INFLAMMATORY
SARCOIDOSIS,SARCOIDOSIS,CONDITION,10,INFLAMMATORY
SCLERODERMA,SCLERODERMA,CONDITION,10,INFLAMMATORY
ACTIVE RHEUMATIC FEVER,ACTIVE RHEUMATIC FEVER,CONDITION,10,INFLAMMATORY
ACUTE GOUT,ACUTE GOUT,CONDITION,10,INFLAMMATORY
BEHCET SYNDROME,BEHCET SYNDROME,CONDITION,10,INFLAMMATORY
ANKYLOSING SPONDYLARTHRITIDES,ANKYLOSING SPONDYLARTHRITIDES,CONDITION,10,INFLAMMATORY
ANTI PHOSPHOLIPID ANTIBODY SYNDROME,ANTI PHOSPHOLIPID ANTIBODY SYNDROME,CONDITION,10,INFLAMMATORY
LYME DISEASE,LYME DISEASE,CONDITION,10,INFLAMMATORY
COGAN SYNDROME,COGAN SYNDROME,CONDITION,10,INFLAMMATORY
FIBROMYALGIA,FIBROMYALGIA,CONDITION,10,INFLAMMATORY
BONE PAGET DISEASE,BONE PAGET DISEASE,CONDITION,10,INFLAMMATORY
AORTIC ARCH SYNDROME,AORTIC ARCH SYNDROME,CONDITION,10,INFLAMMATORY
BONE INFECTION,BONE INFECTION,CONDITION,10,INFLAMMATORY
ALLERGIC ANGIITIDES,ALLERGIC ANGIITIDES,CONDITION,10,INFLAMMATORY
HENOCH-SCHONLEIN PURPURA,HENOCH-SCHONLEIN PURPURA,CONDITION,10,INFLAMMATORY
HEPATITIS C,HEPATITIS C,CONDITION,10,INFECTIOUS
MALARIA,MALARIA,CONDITION,10,INFECTIOUS
DISEASE DUE TO PARVOVIRIDAE,DISEASE DUE TO PARVOVIRIDAE,CONDITION,10,INFECTIOUS
HEPATITIS B,HEPATITIS B,CONDITION,10,INFECTIOUS
HIV INFECTION,HIV INFECTION,CONDITION,10,INFECTIOUS
HYDROPHOBIA,HYDROPHOBIA,CONDITION,10,INFECTIOUS
BACTERIAL INFECTION DUE TO PSEUDOMONAS,BACTERIAL INFECTION DUE TO PSEUDOMONAS,CONDITION,10,INFECTIOUS
SALMONELLA INFECTION,SALMONELLA INFECTION,CONDITION,10,INFECTIOUS
HUMAN FLU,HUMAN FLU,CONDITION,10,INFECTIOUS
CLASSICAL DENGUE FEVERS,CLASSICAL DENGUE FEVERS,CONDITION,10,INFECTIOUS
EBOLA VIRUS DISEASE,EBOLA VIRUS DISEASE,CONDITION,10,INFECTIOUS
MYCOBACTERIUM INFECTION,MYCOBACTERIUM INFECTION,CONDITION,10,INFECTIOUS
TOXOPLASMA GONDII INFECTION,TOXOPLASMA GONDII INFECTION,CONDITION,10,INFECTIOUS
YELLOW FEVER,YELLOW FEVER,CONDITION,10,INFECTIOUS
CRYPTOCOCCOSES,CRYPTOCOCCOSES,CONDITION,10,INFECTIOUS
YERSINIA INFECTION,YERSINIA INFECTION,CONDITION,10,INFECTIOUS
GIARDIASES,GIARDIASES,CONDITION,10,INFECTIOUS
HERPES ZOSTER,HERPES ZOSTER,CONDITION,10,INFECTIOUS
DISEASE DUE TO ROTAVIRUS,DISEASE DUE TO ROTAVIRUS,CONDITION,10,INFECTIOUS
BACILLARY DYSENTERY,BACILLARY DYSENTERY,CONDITION,10,INFECTIOUS
MEASLES,MEASLES,CONDITION,10,INFECTIOUS
DISEASE DUE TO TRICHOMONADIDAE,DISEASE DUE TO TRICHOMONADIDAE,CONDITION,10,INFECTIOUS
RESPIRATORY SYNCYTIAL VIRUS INFECTION,RESPIRATORY SYNCYTIAL VIRUS INFECTION,CONDITION,10,INFECTIOUS
HELICOBACTER PYLORI INFECTION,HELICOBACTER PYLORI INFECTION,CONDITION,10,INFECTIOUS
CANDIDA INFECTION,CANDIDA INFECTION,CONDITION,10,INFECTIOUS
CHIKUNGUNYA FEVER,CHIKUNGUNYA FEVER,CONDITION,10,INFECTIOUS
GERMAN MEASLES,GERMAN MEASLES,CONDITION,10,INFECTIOUS
ANTHRAX,ANTHRAX,CONDITION,10,INFECTIOUS
FASCIOLIASES,FASCIOLIASES,CONDITION,10,INFECTIOUS
HEPATITIS A,HEPATITIS A,CONDITION,10,INFECTIOUS
SYPHILIS,SYPHILIS,CONDITION,10,INFECTIOUS
CHLAMYDIA INFECTION,CHLAMYDIA INFECTION,CONDITION,10,INFECTIOUS
CRYPTOSPORIDIOSES,CRYPTOSPORIDIOSES,CONDITION,10,INFECTIOUS
AFRICAN SLEEPING SICKNESSES,AFRICAN SLEEPING SICKNESSES,CONDITION,10,INFECTIOUS
DISEASE CAUSED BY RICKETTSIAE,DISEASE CAUSED BY RICKETTSIAE,CONDITION,10,INFECTIOUS
PCP,PCP,CONDITION,10,INFECTIOUS
WEST NILE VIRAL INFECTION,WEST NILE VIRAL INFECTION,CONDITION,10,INFECTIOUS
BRUCELLOSIS,BRUCELLOSIS,CONDITION,10,INFECTIOUS
ZIKA VIRUS DISEASE,ZIKA VIRUS DISEASE,CONDITION,10,INFECTIOUS
HERPES,HERPES,CONDITION,10,INFECTIOUS
LISTERIA INFECTION,LISTERIA INFECTION,CONDITION,10,INFECTIOUS
AMERICAN TRYPANOSOMIASIS,AMERICAN TRYPANOSOMIASIS,CONDITION,10,INFECTIOUS
DERMATOPHYTOSIS,DERMATOPHYTOSIS,CONDITION,10,INFECTIOUS
FUNGUS DISEASE,FUNGUS DISEASE,CONDITION,10,INFECTIOUS
E COLI INFECTION,E COLI INFECTION,CONDITION,10,INFECTIOUS
LEISHMANIASES,LEISHMANIASES,CONDITION,10,INFECTIOUS
SMALLPOX,SMALLPOX,CONDITION,10,INFECTIOUS
ANGUILLULIASES,ANGUILLULIASES,CONDITION,10,INFECTIOUS
INFECTION DUE TO TOXOCARA,INFECTION DUE TO TOXOCARA,CONDITION,10,INFECTIOUS
ASPERGILLOSES,ASPERGILLOSES,CONDITION,10,INFECTIOUS
HUMAN PAPILLOMA VIRUS INFECTION,HUMAN PAPILLOMA VIRUS INFECTION,CONDITION,10,INFECTIOUS
BABESIA PARASITE INFECTIONS,BABESIA PARASITE INFECTIONS,CONDITION,10,INFECTIOUS
NECROTIZING FASCIITIDES,NECROTIZING FASCIITIDES,CONDITION,10,INFECTIOUS
LEPTOSPIROSIS,LEPTOSPIROSIS,CONDITION,10,INFECTIOUS
STREPTOCOCCAL INFECTION,STREPTOCOCCAL INFECTION,CONDITION,10,INFECTIOUS
ANCYLOSTOMIASES,ANCYLOSTOMIASES,CONDITION,10,INFECTIOUS
DISEASE DUE TO SUPERFAMILY FILARIOIDEA,DISEASE DUE TO SUPERFAMILY FILARIOIDEA,CONDITION,10,INFECTIOUS
ENTOMOPHTHORAMYCOSES,ENTOMOPHTHORAMYCOSES,CONDITION,10,INFECTIOUS
AMOEBIC DYSENTERY,AMOEBIC DYSENTERY,CONDITION,10,INFECTIOUS
COCCIDIOIDES IMMITIS INFECTIONS,COCCIDIOIDES IMMITIS INFECTIONS,CONDITION,10,INFECTIOUS
HISTOPLASMOSES,HISTOPLASMOSES,CONDITION,10,INFECTIOUS
ANISAKIASES,ANISAKIASES,CONDITION,10,INFECTIOUS
INFECTION BY PARAGONIMUS,INFECTION BY PARAGONIMUS,CONDITION,10,INFECTIOUS
ALZHEIMER DISEASE,ALZHEIMER DISEASE,CONDITION,10,PSYCHIATRIC
SCHIZOPHRENIA,SCHIZOPHRENIA,CONDITION,10,PSYCHIATRIC
PARKINSON'S DISEASE,PARKINSON'S DISEASE,CONDITION,10,PSYCHIATRIC
AUTISM,AUTISM,CONDITION,10,PSYCHIATRIC
HUNTINGTON DISEASE,HUNTINGTON DISEASE,CONDITION,10,PSYCHIATRIC
DEMENTIA,DEMENTIA,CONDITION,10,PSYCHIATRIC
DEPRESSION,DEPRESSION,CONDITION,10,PSYCHIATRIC
ANXIETY DISORDER,ANXIETY DISORDER,CONDITION,10,PSYCHIATRIC
BIPOLAR AFFECTIVE PSYCHOSIS,BIPOLAR AFFECTIVE PSYCHOSIS,CONDITION,10,PSYCHIATRIC
