Id,Label,Class,Size,dis_class
A2M,A2M,GENE,1,INFLAMMATORY
AAVS1,AAVS1,GENE,1,INFLAMMATORY
ABCA1,ABCA1,GENE,1,INFLAMMATORY
ABCB1,ABCB1,GENE,1,INFLAMMATORY
ABCD1,ABCD1,GENE,1,INFLAMMATORY
ACACA,ACACA,GENE,1,INFLAMMATORY
ACAN,ACAN,GENE,1,INFLAMMATORY
ACAT2,ACAT2,GENE,1,INFLAMMATORY
ACE,ACE,GENE,1,INFLAMMATORY
ACKR2,ACKR2,GENE,1,INFLAMMATORY
ACLY,ACLY,GENE,1,INFLAMMATORY
ACO1,ACO1,GENE,1,INFLAMMATORY
ACP1,ACP1,GENE,1,INFLAMMATORY
ACSM3,ACSM3,GENE,1,INFLAMMATORY
ACTA2,ACTA2,GENE,1,INFLAMMATORY
ACTB,ACTB,GENE,1,INFLAMMATORY
ACTH,ACTH,GENE,1,INFLAMMATORY
ADA,ADA,GENE,1,INFLAMMATORY
ADAM17,ADAM17,GENE,1,INFLAMMATORY
ADAM23,ADAM23,GENE,1,INFLAMMATORY
ADAM33,ADAM33,GENE,1,INFLAMMATORY
ADAMTS12,ADAMTS12,GENE,1,INFLAMMATORY
ADAMTS13,ADAMTS13,GENE,1,INFLAMMATORY
ADAMTS4,ADAMTS4,GENE,1,INFLAMMATORY
ADAMTS5,ADAMTS5,GENE,1,INFLAMMATORY
ADAMTS7,ADAMTS7,GENE,1,INFLAMMATORY
ADAMTSL5,ADAMTSL5,GENE,1,INFLAMMATORY
ADAR,ADAR,GENE,1,INFLAMMATORY
ADCY1,ADCY1,GENE,1,INFLAMMATORY
ADCYAP1,ADCYAP1,GENE,1,INFLAMMATORY
ADIPOQ,ADIPOQ,GENE,1,INFLAMMATORY
ADM,ADM,GENE,1,INFLAMMATORY
ADORA2A,ADORA2A,GENE,1,INFLAMMATORY
ADRB2,ADRB2,GENE,1,INFLAMMATORY
ADRBK1,ADRBK1,GENE,1,INFLAMMATORY
AFF1,AFF1,GENE,1,INFLAMMATORY
AFP,AFP,GENE,1,INFLAMMATORY
AGTR1,AGTR1,GENE,1,INFLAMMATORY
AHR,AHR,GENE,1,INFLAMMATORY
AHSG,AHSG,GENE,1,INFLAMMATORY
AICDA,AICDA,GENE,1,INFLAMMATORY
AIM2,AIM2,GENE,1,INFLAMMATORY
AIS,AIS,GENE,1,INFLAMMATORY
AKR1B10,AKR1B10,GENE,1,INFLAMMATORY
AKT1,AKT1,GENE,1,INFLAMMATORY
ALB,ALB,GENE,1,INFLAMMATORY
ALDH2,ALDH2,GENE,1,INFLAMMATORY
ALOX12,ALOX12,GENE,1,INFLAMMATORY
ALOX15,ALOX15,GENE,1,INFLAMMATORY
ALOX5,ALOX5,GENE,1,INFLAMMATORY
ALPI,ALPI,GENE,1,INFLAMMATORY
ALPL,ALPL,GENE,1,INFLAMMATORY
AMIGO2,AMIGO2,GENE,1,INFLAMMATORY
ANG,ANG,GENE,1,INFLAMMATORY
ANGIOTENSIN II,ANGIOTENSIN II,GENE,1,INFLAMMATORY
ANGPT1,ANGPT1,GENE,1,INFLAMMATORY
ANGPT2,ANGPT2,GENE,1,INFLAMMATORY
ANGPTL6,ANGPTL6,GENE,1,INFLAMMATORY
ANKH,ANKH,GENE,1,INFLAMMATORY
ANPEP,ANPEP,GENE,1,INFLAMMATORY
ANTXR2,ANTXR2,GENE,1,INFLAMMATORY
ANXA1,ANXA1,GENE,1,INFLAMMATORY
ANXA11,ANXA11,GENE,1,INFLAMMATORY
ANXA2,ANXA2,GENE,1,INFLAMMATORY
ANXA5,ANXA5,GENE,1,INFLAMMATORY
AOC1,AOC1,GENE,1,INFLAMMATORY
APOA1,APOA1,GENE,1,INFLAMMATORY
APOB,APOB,GENE,1,INFLAMMATORY
APOE,APOE,GENE,1,INFLAMMATORY
APOH,APOH,GENE,1,INFLAMMATORY
APOL1,APOL1,GENE,1,INFLAMMATORY
APOM,APOM,GENE,1,INFLAMMATORY
APP,APP,GENE,1,INFLAMMATORY
APTX,APTX,GENE,1,INFLAMMATORY
AQP1,AQP1,GENE,1,INFLAMMATORY
AQP3,AQP3,GENE,1,INFLAMMATORY
AQP4,AQP4,GENE,1,INFLAMMATORY
AQP5,AQP5,GENE,1,INFLAMMATORY
AR,AR,GENE,1,INFLAMMATORY
AREG,AREG,GENE,1,INFLAMMATORY
ARG1,ARG1,GENE,1,INFLAMMATORY
ARSD,ARSD,GENE,1,INFLAMMATORY
ARTN,ARTN,GENE,1,INFLAMMATORY
ASIC3,ASIC3,GENE,1,INFLAMMATORY
ASPG,ASPG,GENE,1,INFLAMMATORY
ATF4,ATF4,GENE,1,INFLAMMATORY
ATG16L1,ATG16L1,GENE,1,INFLAMMATORY
ATG5,ATG5,GENE,1,INFLAMMATORY
ATP6V0A4,ATP6V0A4,GENE,1,INFLAMMATORY
ATP6V1H,ATP6V1H,GENE,1,INFLAMMATORY
AVP,AVP,GENE,1,INFLAMMATORY
B2M,B2M,GENE,1,INFLAMMATORY
B3GAT1,B3GAT1,GENE,1,INFLAMMATORY
BANK1,BANK1,GENE,1,INFLAMMATORY
BAX,BAX,GENE,1,INFLAMMATORY
BCHE,BCHE,GENE,1,INFLAMMATORY
BCKDHA,BCKDHA,GENE,1,INFLAMMATORY
BCL2,BCL2,GENE,1,INFLAMMATORY
BCL2L1,BCL2L1,GENE,1,INFLAMMATORY
BCL2L11,BCL2L11,GENE,1,INFLAMMATORY
BCR,BCR,GENE,1,INFLAMMATORY
BDKRB1,BDKRB1,GENE,1,INFLAMMATORY
BDNF,BDNF,GENE,1,INFLAMMATORY
BECN1,BECN1,GENE,1,INFLAMMATORY
BGLAP,BGLAP,GENE,1,INFLAMMATORY
BIRC5,BIRC5,GENE,1,INFLAMMATORY
BLK,BLK,GENE,1,INFLAMMATORY
BMI1,BMI1,GENE,1,INFLAMMATORY
BMP2,BMP2,GENE,1,INFLAMMATORY
BMP3,BMP3,GENE,1,INFLAMMATORY
BMP6,BMP6,GENE,1,INFLAMMATORY
BMP7,BMP7,GENE,1,INFLAMMATORY
BP1,BP1,GENE,1,INFLAMMATORY
BPI,BPI,GENE,1,INFLAMMATORY
BPIFA2,BPIFA2,GENE,1,INFLAMMATORY
BSG,BSG,GENE,1,INFLAMMATORY
BTF3P11,BTF3P11,GENE,1,INFLAMMATORY
BTLA,BTLA,GENE,1,INFLAMMATORY
BTNL2,BTNL2,GENE,1,INFLAMMATORY
BW52,BW52,GENE,1,INFLAMMATORY
C10ORF54,C10ORF54,GENE,1,INFLAMMATORY
C10ORF67,C10ORF67,GENE,1,INFLAMMATORY
C18ORF8,C18ORF8,GENE,1,INFLAMMATORY
C19ORF10,C19ORF10,GENE,1,INFLAMMATORY
C1ORF228,C1ORF228,GENE,1,INFLAMMATORY
C1QTNF6,C1QTNF6,GENE,1,INFLAMMATORY
C1R,C1R,GENE,1,INFLAMMATORY
C1S,C1S,GENE,1,INFLAMMATORY
C2,C2,GENE,1,INFLAMMATORY
C3,C3,GENE,1,INFLAMMATORY
C3AR1,C3AR1,GENE,1,INFLAMMATORY
C4A,C4A,GENE,1,INFLAMMATORY
C4B,C4B,GENE,1,INFLAMMATORY
C5,C5,GENE,1,INFLAMMATORY
C5AR1,C5AR1,GENE,1,INFLAMMATORY
C9ORF3,C9ORF3,GENE,1,INFLAMMATORY
CA1,CA1,GENE,1,INFLAMMATORY
CA2,CA2,GENE,1,INFLAMMATORY
CA5A,CA5A,GENE,1,INFLAMMATORY
CABIN1,CABIN1,GENE,1,INFLAMMATORY
CALCR,CALCR,GENE,1,INFLAMMATORY
CALR,CALR,GENE,1,INFLAMMATORY
CAMP,CAMP,GENE,1,INFLAMMATORY
CARD14,CARD14,GENE,1,INFLAMMATORY
CARD8,CARD8,GENE,1,INFLAMMATORY
CARD9,CARD9,GENE,1,INFLAMMATORY
CARS,CARS,GENE,1,INFLAMMATORY
CARS2,CARS2,GENE,1,INFLAMMATORY
CASP1,CASP1,GENE,1,INFLAMMATORY
CASP10,CASP10,GENE,1,INFLAMMATORY
CASP14,CASP14,GENE,1,INFLAMMATORY
CASP3,CASP3,GENE,1,INFLAMMATORY
CASP8,CASP8,GENE,1,INFLAMMATORY
CASR,CASR,GENE,1,INFLAMMATORY
CAT,CAT,GENE,1,INFLAMMATORY
CAV1,CAV1,GENE,1,INFLAMMATORY
CBS,CBS,GENE,1,INFLAMMATORY
CCDC183,CCDC183,GENE,1,INFLAMMATORY
CCHCR1,CCHCR1,GENE,1,INFLAMMATORY
CCL11,CCL11,GENE,1,INFLAMMATORY
CCL13,CCL13,GENE,1,INFLAMMATORY
CCL16,CCL16,GENE,1,INFLAMMATORY
CCL17,CCL17,GENE,1,INFLAMMATORY
CCL18,CCL18,GENE,1,INFLAMMATORY
CCL19,CCL19,GENE,1,INFLAMMATORY
CCL2,CCL2,GENE,1,INFLAMMATORY
CCL20,CCL20,GENE,1,INFLAMMATORY
CCL21,CCL21,GENE,1,INFLAMMATORY
CCL25,CCL25,GENE,1,INFLAMMATORY
CCL26,CCL26,GENE,1,INFLAMMATORY
CCL3,CCL3,GENE,1,INFLAMMATORY
CCL3L1,CCL3L1,GENE,1,INFLAMMATORY
CCL5,CCL5,GENE,1,INFLAMMATORY
CCL7,CCL7,GENE,1,INFLAMMATORY
CCND1,CCND1,GENE,1,INFLAMMATORY
CCR1,CCR1,GENE,1,INFLAMMATORY
CCR10,CCR10,GENE,1,INFLAMMATORY
CCR2,CCR2,GENE,1,INFLAMMATORY
CCR4,CCR4,GENE,1,INFLAMMATORY
CCR5,CCR5,GENE,1,INFLAMMATORY
CCR6,CCR6,GENE,1,INFLAMMATORY
CCR7,CCR7,GENE,1,INFLAMMATORY
CCR9,CCR9,GENE,1,INFLAMMATORY
CCT4,CCT4,GENE,1,INFLAMMATORY
CD109,CD109,GENE,1,INFLAMMATORY
CD14,CD14,GENE,1,INFLAMMATORY
CD163,CD163,GENE,1,INFLAMMATORY
CD180,CD180,GENE,1,INFLAMMATORY
CD19,CD19,GENE,1,INFLAMMATORY
CD1A,CD1A,GENE,1,INFLAMMATORY
CD1C,CD1C,GENE,1,INFLAMMATORY
CD1D,CD1D,GENE,1,INFLAMMATORY
CD2,CD2,GENE,1,INFLAMMATORY
CD200,CD200,GENE,1,INFLAMMATORY
CD200R1,CD200R1,GENE,1,INFLAMMATORY
CD209,CD209,GENE,1,INFLAMMATORY
CD22,CD22,GENE,1,INFLAMMATORY
CD226,CD226,GENE,1,INFLAMMATORY
CD24,CD24,GENE,1,INFLAMMATORY
CD247,CD247,GENE,1,INFLAMMATORY
CD248,CD248,GENE,1,INFLAMMATORY
CD27,CD27,GENE,1,INFLAMMATORY
CD274,CD274,GENE,1,INFLAMMATORY
CD276,CD276,GENE,1,INFLAMMATORY
CD28,CD28,GENE,1,INFLAMMATORY
CD34,CD34,GENE,1,INFLAMMATORY
CD38,CD38,GENE,1,INFLAMMATORY
CD4,CD4,GENE,1,INFLAMMATORY
CD40,CD40,GENE,1,INFLAMMATORY
CD40LG,CD40LG,GENE,1,INFLAMMATORY
CD44,CD44,GENE,1,INFLAMMATORY
CD5,CD5,GENE,1,INFLAMMATORY
CD55,CD55,GENE,1,INFLAMMATORY
CD6,CD6,GENE,1,INFLAMMATORY
CD68,CD68,GENE,1,INFLAMMATORY
CD69,CD69,GENE,1,INFLAMMATORY
CD70,CD70,GENE,1,INFLAMMATORY
CD72,CD72,GENE,1,INFLAMMATORY
CD74,CD74,GENE,1,INFLAMMATORY
CD79A,CD79A,GENE,1,INFLAMMATORY
CD80,CD80,GENE,1,INFLAMMATORY
CD83,CD83,GENE,1,INFLAMMATORY
CD86,CD86,GENE,1,INFLAMMATORY
CD8A,CD8A,GENE,1,INFLAMMATORY
CD97,CD97,GENE,1,INFLAMMATORY
CDH1,CDH1,GENE,1,INFLAMMATORY
CDH11,CDH11,GENE,1,INFLAMMATORY
CDK5,CDK5,GENE,1,INFLAMMATORY
CDK5R1,CDK5R1,GENE,1,INFLAMMATORY
CDK5R2,CDK5R2,GENE,1,INFLAMMATORY
CDK9,CDK9,GENE,1,INFLAMMATORY
CDKN1A,CDKN1A,GENE,1,INFLAMMATORY
CDKN2A,CDKN2A,GENE,1,INFLAMMATORY
CDR1,CDR1,GENE,1,INFLAMMATORY
CDR3,CDR3,GENE,1,INFLAMMATORY
CDSN,CDSN,GENE,1,INFLAMMATORY
CDX2,CDX2,GENE,1,INFLAMMATORY
CEACAM1,CEACAM1,GENE,1,INFLAMMATORY
CEACAM5,CEACAM5,GENE,1,INFLAMMATORY
CEACAM6,CEACAM6,GENE,1,INFLAMMATORY
CEBPZ,CEBPZ,GENE,1,INFLAMMATORY
CEL,CEL,GENE,1,INFLAMMATORY
CENPA,CENPA,GENE,1,INFLAMMATORY
CFH,CFH,GENE,1,INFLAMMATORY
CFI,CFI,GENE,1,INFLAMMATORY
CFP,CFP,GENE,1,INFLAMMATORY
CHGA,CHGA,GENE,1,INFLAMMATORY
CHI3L1,CHI3L1,GENE,1,INFLAMMATORY
CHI3L2,CHI3L2,GENE,1,INFLAMMATORY
CHUK,CHUK,GENE,1,INFLAMMATORY
CIC,CIC,GENE,1,INFLAMMATORY
CIMT,CIMT,GENE,1,INFLAMMATORY
CISH,CISH,GENE,1,INFLAMMATORY
CIT,CIT,GENE,1,INFLAMMATORY
CKAP4,CKAP4,GENE,1,INFLAMMATORY
CKLF,CKLF,GENE,1,INFLAMMATORY
CLCN7,CLCN7,GENE,1,INFLAMMATORY
CLDN1,CLDN1,GENE,1,INFLAMMATORY
CLDN11,CLDN11,GENE,1,INFLAMMATORY
CLDN2,CLDN2,GENE,1,INFLAMMATORY
CLEC12A,CLEC12A,GENE,1,INFLAMMATORY
CLEC16A,CLEC16A,GENE,1,INFLAMMATORY
CLEC4C,CLEC4C,GENE,1,INFLAMMATORY
CLEC5A,CLEC5A,GENE,1,INFLAMMATORY
CLEC7A,CLEC7A,GENE,1,INFLAMMATORY
CLU,CLU,GENE,1,INFLAMMATORY
CNOT3,CNOT3,GENE,1,INFLAMMATORY
CNR1,CNR1,GENE,1,INFLAMMATORY
CNR2,CNR2,GENE,1,INFLAMMATORY
CNTNAP3,CNTNAP3,GENE,1,INFLAMMATORY
COL1A1,COL1A1,GENE,1,INFLAMMATORY
COL1A2,COL1A2,GENE,1,INFLAMMATORY
COL2A1,COL2A1,GENE,1,INFLAMMATORY
COMP,COMP,GENE,1,INFLAMMATORY
COMT,COMT,GENE,1,INFLAMMATORY
CORT,CORT,GENE,1,INFLAMMATORY
CP,CP,GENE,1,INFLAMMATORY
CPB2,CPB2,GENE,1,INFLAMMATORY
CR1,CR1,GENE,1,INFLAMMATORY
CR2,CR2,GENE,1,INFLAMMATORY
CREG1,CREG1,GENE,1,INFLAMMATORY
CREM,CREM,GENE,1,INFLAMMATORY
CRH,CRH,GENE,1,INFLAMMATORY
CRHR1,CRHR1,GENE,1,INFLAMMATORY
CRISP3,CRISP3,GENE,1,INFLAMMATORY
CRP,CRP,GENE,1,INFLAMMATORY
CSDA,CSDA,GENE,1,INFLAMMATORY
CSE,CSE,GENE,1,INFLAMMATORY
CSF1,CSF1,GENE,1,INFLAMMATORY
CSF1R,CSF1R,GENE,1,INFLAMMATORY
CSF2,CSF2,GENE,1,INFLAMMATORY
CSF3,CSF3,GENE,1,INFLAMMATORY
CSK,CSK,GENE,1,INFLAMMATORY
CST3,CST3,GENE,1,INFLAMMATORY
CST4,CST4,GENE,1,INFLAMMATORY
CTGF,CTGF,GENE,1,INFLAMMATORY
CTHRC1,CTHRC1,GENE,1,INFLAMMATORY
CTLA4,CTLA4,GENE,1,INFLAMMATORY
CTNNB1,CTNNB1,GENE,1,INFLAMMATORY
CTSB,CTSB,GENE,1,INFLAMMATORY
CTSC,CTSC,GENE,1,INFLAMMATORY
CTSG,CTSG,GENE,1,INFLAMMATORY
CTSH,CTSH,GENE,1,INFLAMMATORY
CTSK,CTSK,GENE,1,INFLAMMATORY
CTSL,CTSL,GENE,1,INFLAMMATORY
CTSS,CTSS,GENE,1,INFLAMMATORY
CX3CL1,CX3CL1,GENE,1,INFLAMMATORY
CX3CR1,CX3CR1,GENE,1,INFLAMMATORY
CXCL1,CXCL1,GENE,1,INFLAMMATORY
CXCL10,CXCL10,GENE,1,INFLAMMATORY
CXCL11,CXCL11,GENE,1,INFLAMMATORY
CXCL12,CXCL12,GENE,1,INFLAMMATORY
CXCL13,CXCL13,GENE,1,INFLAMMATORY
CXCL16,CXCL16,GENE,1,INFLAMMATORY
CXCL2,CXCL2,GENE,1,INFLAMMATORY
CXCL5,CXCL5,GENE,1,INFLAMMATORY
CXCL9,CXCL9,GENE,1,INFLAMMATORY
CXCR2,CXCR2,GENE,1,INFLAMMATORY
CXCR3,CXCR3,GENE,1,INFLAMMATORY
CXCR4,CXCR4,GENE,1,INFLAMMATORY
CXCR5,CXCR5,GENE,1,INFLAMMATORY
CXCR6,CXCR6,GENE,1,INFLAMMATORY
CYBB,CYBB,GENE,1,INFLAMMATORY
CYCLIN E,CYCLIN E,GENE,1,INFLAMMATORY
CYCS,CYCS,GENE,1,INFLAMMATORY
CYP1A1,CYP1A1,GENE,1,INFLAMMATORY
CYP27A1,CYP27A1,GENE,1,INFLAMMATORY
CYP2D6,CYP2D6,GENE,1,INFLAMMATORY
CYP3A,CYP3A,GENE,1,INFLAMMATORY
CYR61,CYR61,GENE,1,INFLAMMATORY
DAG1,DAG1,GENE,1,INFLAMMATORY
DAP,DAP,GENE,1,INFLAMMATORY
DBP,DBP,GENE,1,INFLAMMATORY
DCN,DCN,GENE,1,INFLAMMATORY
DDIT3,DDIT3,GENE,1,INFLAMMATORY
DDOST,DDOST,GENE,1,INFLAMMATORY
DDR2,DDR2,GENE,1,INFLAMMATORY
DDX46,DDX46,GENE,1,INFLAMMATORY
DEFA1,DEFA1,GENE,1,INFLAMMATORY
DEFA5,DEFA5,GENE,1,INFLAMMATORY
DEFB104A,DEFB104A,GENE,1,INFLAMMATORY
DEFB4A,DEFB4A,GENE,1,INFLAMMATORY
DEK,DEK,GENE,1,INFLAMMATORY
DHS,DHS,GENE,1,INFLAMMATORY
DHX9,DHX9,GENE,1,INFLAMMATORY
DKK1,DKK1,GENE,1,INFLAMMATORY
DLG5,DLG5,GENE,1,INFLAMMATORY
DLL1,DLL1,GENE,1,INFLAMMATORY
DMBT1,DMBT1,GENE,1,INFLAMMATORY
DNAJC5,DNAJC5,GENE,1,INFLAMMATORY
DNASE1,DNASE1,GENE,1,INFLAMMATORY
DNASE1L3,DNASE1L3,GENE,1,INFLAMMATORY
DNASE2,DNASE2,GENE,1,INFLAMMATORY
DNMT1,DNMT1,GENE,1,INFLAMMATORY
DPEP1,DPEP1,GENE,1,INFLAMMATORY
DPP4,DPP4,GENE,1,INFLAMMATORY
DRD2,DRD2,GENE,1,INFLAMMATORY
DUSP1,DUSP1,GENE,1,INFLAMMATORY
DUSP2,DUSP2,GENE,1,INFLAMMATORY
DUSP22,DUSP22,GENE,1,INFLAMMATORY
DUT,DUT,GENE,1,INFLAMMATORY
DYT10,DYT10,GENE,1,INFLAMMATORY
E2F1,E2F1,GENE,1,INFLAMMATORY
EBI3,EBI3,GENE,1,INFLAMMATORY
ECD,ECD,GENE,1,INFLAMMATORY
EDN1,EDN1,GENE,1,INFLAMMATORY
EDNRA,EDNRA,GENE,1,INFLAMMATORY
EEF1A1,EEF1A1,GENE,1,INFLAMMATORY
EFNA2,EFNA2,GENE,1,INFLAMMATORY
EGF,EGF,GENE,1,INFLAMMATORY
EGFL7,EGFL7,GENE,1,INFLAMMATORY
EGFR,EGFR,GENE,1,INFLAMMATORY
EGLN1,EGLN1,GENE,1,INFLAMMATORY
EGR1,EGR1,GENE,1,INFLAMMATORY
EGR2,EGR2,GENE,1,INFLAMMATORY
EIF2A,EIF2A,GENE,1,INFLAMMATORY
EIF2AK1,EIF2AK1,GENE,1,INFLAMMATORY
EIF2AK4,EIF2AK4,GENE,1,INFLAMMATORY
EIF2S1,EIF2S1,GENE,1,INFLAMMATORY
EIM,EIM,GENE,1,INFLAMMATORY
ELANE,ELANE,GENE,1,INFLAMMATORY
ELAVL1,ELAVL1,GENE,1,INFLAMMATORY
ELF3,ELF3,GENE,1,INFLAMMATORY
ELK1,ELK1,GENE,1,INFLAMMATORY
ELN,ELN,GENE,1,INFLAMMATORY
ELOVL6,ELOVL6,GENE,1,INFLAMMATORY
EMB,EMB,GENE,1,INFLAMMATORY
EMD,EMD,GENE,1,INFLAMMATORY
ENG,ENG,GENE,1,INFLAMMATORY
ENO1,ENO1,GENE,1,INFLAMMATORY
ENPEP,ENPEP,GENE,1,INFLAMMATORY
ENPP2,ENPP2,GENE,1,INFLAMMATORY
ENTPD1,ENTPD1,GENE,1,INFLAMMATORY
EP300,EP300,GENE,1,INFLAMMATORY
EPAS1,EPAS1,GENE,1,INFLAMMATORY
EPHA2,EPHA2,GENE,1,INFLAMMATORY
EPHB2,EPHB2,GENE,1,INFLAMMATORY
EPO,EPO,GENE,1,INFLAMMATORY
EPOR,EPOR,GENE,1,INFLAMMATORY
EPX,EPX,GENE,1,INFLAMMATORY
ERAP1,ERAP1,GENE,1,INFLAMMATORY
ERAP2,ERAP2,GENE,1,INFLAMMATORY
ERBB2,ERBB2,GENE,1,INFLAMMATORY
ERI1,ERI1,GENE,1,INFLAMMATORY
ERVW-4,ERVW-4,GENE,1,INFLAMMATORY
ESAT,ESAT,GENE,1,INFLAMMATORY
ESR1,ESR1,GENE,1,INFLAMMATORY
ESR2,ESR2,GENE,1,INFLAMMATORY
ESRRA,ESRRA,GENE,1,INFLAMMATORY
ETS1,ETS1,GENE,1,INFLAMMATORY
ETV3,ETV3,GENE,1,INFLAMMATORY
EVA1C,EVA1C,GENE,1,INFLAMMATORY
EXOSC1,EXOSC1,GENE,1,INFLAMMATORY
EXOSC10,EXOSC10,GENE,1,INFLAMMATORY
EZH2,EZH2,GENE,1,INFLAMMATORY
F10,F10,GENE,1,INFLAMMATORY
F12,F12,GENE,1,INFLAMMATORY
F2,F2,GENE,1,INFLAMMATORY
F2R,F2R,GENE,1,INFLAMMATORY
F2RL1,F2RL1,GENE,1,INFLAMMATORY
F2RL3,F2RL3,GENE,1,INFLAMMATORY
F3,F3,GENE,1,INFLAMMATORY
F5,F5,GENE,1,INFLAMMATORY
F8,F8,GENE,1,INFLAMMATORY
FABP5,FABP5,GENE,1,INFLAMMATORY
FAP,FAP,GENE,1,INFLAMMATORY
FAS,FAS,GENE,1,INFLAMMATORY
FASLG,FASLG,GENE,1,INFLAMMATORY
FBL,FBL,GENE,1,INFLAMMATORY
FBN1,FBN1,GENE,1,INFLAMMATORY
FCAR,FCAR,GENE,1,INFLAMMATORY
FCER2,FCER2,GENE,1,INFLAMMATORY
FCGR1A,FCGR1A,GENE,1,INFLAMMATORY
FCGR2A,FCGR2A,GENE,1,INFLAMMATORY
FCGR2B,FCGR2B,GENE,1,INFLAMMATORY
FCGR3A,FCGR3A,GENE,1,INFLAMMATORY
FCGR3B,FCGR3B,GENE,1,INFLAMMATORY
FCGRT,FCGRT,GENE,1,INFLAMMATORY
FCN2,FCN2,GENE,1,INFLAMMATORY
FCN3,FCN3,GENE,1,INFLAMMATORY
FCRL3,FCRL3,GENE,1,INFLAMMATORY
FDPS,FDPS,GENE,1,INFLAMMATORY
FFAR2,FFAR2,GENE,1,INFLAMMATORY
FFAR4,FFAR4,GENE,1,INFLAMMATORY
FGF10,FGF10,GENE,1,INFLAMMATORY
FGF2,FGF2,GENE,1,INFLAMMATORY
FGF21,FGF21,GENE,1,INFLAMMATORY
FGF23,FGF23,GENE,1,INFLAMMATORY
FGF7,FGF7,GENE,1,INFLAMMATORY
FGFR1,FGFR1,GENE,1,INFLAMMATORY
FGFR3,FGFR3,GENE,1,INFLAMMATORY
FHIT,FHIT,GENE,1,INFLAMMATORY
FHL2,FHL2,GENE,1,INFLAMMATORY
FKBP11,FKBP11,GENE,1,INFLAMMATORY
FLG,FLG,GENE,1,INFLAMMATORY
FLI1,FLI1,GENE,1,INFLAMMATORY
FLT1,FLT1,GENE,1,INFLAMMATORY
FLT3,FLT3,GENE,1,INFLAMMATORY
FLT3LG,FLT3LG,GENE,1,INFLAMMATORY
FLVCR1,FLVCR1,GENE,1,INFLAMMATORY
FN1,FN1,GENE,1,INFLAMMATORY
FNDC5,FNDC5,GENE,1,INFLAMMATORY
FOS,FOS,GENE,1,INFLAMMATORY
FOSL1,FOSL1,GENE,1,INFLAMMATORY
FOSL2,FOSL2,GENE,1,INFLAMMATORY
FOXO1,FOXO1,GENE,1,INFLAMMATORY
FOXO3,FOXO3,GENE,1,INFLAMMATORY
FOXP3,FOXP3,GENE,1,INFLAMMATORY
FST,FST,GENE,1,INFLAMMATORY
FSTL1,FSTL1,GENE,1,INFLAMMATORY
FUT1,FUT1,GENE,1,INFLAMMATORY
FUT2,FUT2,GENE,1,INFLAMMATORY
FUT3,FUT3,GENE,1,INFLAMMATORY
FXN,FXN,GENE,1,INFLAMMATORY
FZD8,FZD8,GENE,1,INFLAMMATORY
G6PD,G6PD,GENE,1,INFLAMMATORY
GABRP,GABRP,GENE,1,INFLAMMATORY
GAPDH,GAPDH,GENE,1,INFLAMMATORY
GAS5,GAS5,GENE,1,INFLAMMATORY
GAS6,GAS6,GENE,1,INFLAMMATORY
GAST,GAST,GENE,1,INFLAMMATORY
GATA3,GATA3,GENE,1,INFLAMMATORY
GBP1,GBP1,GENE,1,INFLAMMATORY
GC,GC,GENE,1,INFLAMMATORY
GCG,GCG,GENE,1,INFLAMMATORY
GDF11,GDF11,GENE,1,INFLAMMATORY
GDF15,GDF15,GENE,1,INFLAMMATORY
GGTLC1,GGTLC1,GENE,1,INFLAMMATORY
GH1,GH1,GENE,1,INFLAMMATORY
GHR,GHR,GENE,1,INFLAMMATORY
GHRL,GHRL,GENE,1,INFLAMMATORY
GHSR,GHSR,GENE,1,INFLAMMATORY
GIF,GIF,GENE,1,INFLAMMATORY
GIP,GIP,GENE,1,INFLAMMATORY
GJB2,GJB2,GENE,1,INFLAMMATORY
GLB1,GLB1,GENE,1,INFLAMMATORY
GLP1R,GLP1R,GENE,1,INFLAMMATORY
GLS,GLS,GENE,1,INFLAMMATORY
GNAQ,GNAQ,GENE,1,INFLAMMATORY
GOPC,GOPC,GENE,1,INFLAMMATORY
GP2,GP2,GENE,1,INFLAMMATORY
GPBAR1,GPBAR1,GENE,1,INFLAMMATORY
GPER1,GPER1,GENE,1,INFLAMMATORY
GPI,GPI,GENE,1,INFLAMMATORY
GPR35,GPR35,GENE,1,INFLAMMATORY
GPRIN1,GPRIN1,GENE,1,INFLAMMATORY
GPX1,GPX1,GENE,1,INFLAMMATORY
GPX2,GPX2,GENE,1,INFLAMMATORY
GRK6,GRK6,GENE,1,INFLAMMATORY
GRN,GRN,GENE,1,INFLAMMATORY
GSK3B,GSK3B,GENE,1,INFLAMMATORY
GSN,GSN,GENE,1,INFLAMMATORY
GSTM1,GSTM1,GENE,1,INFLAMMATORY
GSTT1,GSTT1,GENE,1,INFLAMMATORY
GUCA2A,GUCA2A,GENE,1,INFLAMMATORY
GUCA2B,GUCA2B,GENE,1,INFLAMMATORY
GUCY2C,GUCY2C,GENE,1,INFLAMMATORY
GUSB,GUSB,GENE,1,INFLAMMATORY
GYPA,GYPA,GENE,1,INFLAMMATORY
GZMA,GZMA,GENE,1,INFLAMMATORY
H19,H19,GENE,1,INFLAMMATORY
H3F3AP4,H3F3AP4,GENE,1,INFLAMMATORY
HAMP,HAMP,GENE,1,INFLAMMATORY
HAVCR1,HAVCR1,GENE,1,INFLAMMATORY
HAVCR2,HAVCR2,GENE,1,INFLAMMATORY
HBG2,HBG2,GENE,1,INFLAMMATORY
HBM,HBM,GENE,1,INFLAMMATORY
HDAC,HDAC,GENE,1,INFLAMMATORY
HDAC3,HDAC3,GENE,1,INFLAMMATORY
HGF,HGF,GENE,1,INFLAMMATORY
HIF1A,HIF1A,GENE,1,INFLAMMATORY
HISTONE H1,HISTONE H1,GENE,1,INFLAMMATORY
HISTONE H2B,HISTONE H2B,GENE,1,INFLAMMATORY
HK1,HK1,GENE,1,INFLAMMATORY
HLA-A,HLA-A,GENE,1,INFLAMMATORY
HLA-B,HLA-B,GENE,1,INFLAMMATORY
HLA-C,HLA-C,GENE,1,INFLAMMATORY
HLA-DMA,HLA-DMA,GENE,1,INFLAMMATORY
HLA-DPB1,HLA-DPB1,GENE,1,INFLAMMATORY
HLA-DQA1,HLA-DQA1,GENE,1,INFLAMMATORY
HLA-DRB1,HLA-DRB1,GENE,1,INFLAMMATORY
HLA-DRB3,HLA-DRB3,GENE,1,INFLAMMATORY
HLA-DRB4,HLA-DRB4,GENE,1,INFLAMMATORY
HLA-DRB5,HLA-DRB5,GENE,1,INFLAMMATORY
HLA-E,HLA-E,GENE,1,INFLAMMATORY
HLA-G,HLA-G,GENE,1,INFLAMMATORY
HMGB1,HMGB1,GENE,1,INFLAMMATORY
HMGB2,HMGB2,GENE,1,INFLAMMATORY
HMOX1,HMOX1,GENE,1,INFLAMMATORY
HP,HP,GENE,1,INFLAMMATORY
HPGDS,HPGDS,GENE,1,INFLAMMATORY
HPSE,HPSE,GENE,1,INFLAMMATORY
HRH4,HRH4,GENE,1,INFLAMMATORY
HSD11B1,HSD11B1,GENE,1,INFLAMMATORY
HSD11B2,HSD11B2,GENE,1,INFLAMMATORY
HSP90AA1,HSP90AA1,GENE,1,INFLAMMATORY
HSP90AB1,HSP90AB1,GENE,1,INFLAMMATORY
HSP90B1,HSP90B1,GENE,1,INFLAMMATORY
HSP90B2P,HSP90B2P,GENE,1,INFLAMMATORY
HSPA2,HSPA2,GENE,1,INFLAMMATORY
HSPA4,HSPA4,GENE,1,INFLAMMATORY
HSPA5,HSPA5,GENE,1,INFLAMMATORY
HSPB3,HSPB3,GENE,1,INFLAMMATORY
HSPD1,HSPD1,GENE,1,INFLAMMATORY
HT,HT,GENE,1,INFLAMMATORY
HTR1A,HTR1A,GENE,1,INFLAMMATORY
HTR2A,HTR2A,GENE,1,INFLAMMATORY
HTRA1,HTRA1,GENE,1,INFLAMMATORY
IBD3,IBD3,GENE,1,INFLAMMATORY
IBD5,IBD5,GENE,1,INFLAMMATORY
IBSP,IBSP,GENE,1,INFLAMMATORY
ICAM1,ICAM1,GENE,1,INFLAMMATORY
ICAM3,ICAM3,GENE,1,INFLAMMATORY
ICOS,ICOS,GENE,1,INFLAMMATORY
ICOSLG,ICOSLG,GENE,1,INFLAMMATORY
ID1,ID1,GENE,1,INFLAMMATORY
ID3,ID3,GENE,1,INFLAMMATORY
IDO1,IDO1,GENE,1,INFLAMMATORY
IDO2,IDO2,GENE,1,INFLAMMATORY
IFI16,IFI16,GENE,1,INFLAMMATORY
IFI27,IFI27,GENE,1,INFLAMMATORY
IFI44L,IFI44L,GENE,1,INFLAMMATORY
IFIH1,IFIH1,GENE,1,INFLAMMATORY
IFNA1,IFNA1,GENE,1,INFLAMMATORY
IFNA17,IFNA17,GENE,1,INFLAMMATORY
IFNA2,IFNA2,GENE,1,INFLAMMATORY
IFNB1,IFNB1,GENE,1,INFLAMMATORY
IFNG,IFNG,GENE,1,INFLAMMATORY
IFNK,IFNK,GENE,1,INFLAMMATORY
IFNL1,IFNL1,GENE,1,INFLAMMATORY
IGAN,IGAN,GENE,1,INFLAMMATORY
IGF1,IGF1,GENE,1,INFLAMMATORY
IGF1R,IGF1R,GENE,1,INFLAMMATORY
IGFBP1,IGFBP1,GENE,1,INFLAMMATORY
IGFBP3,IGFBP3,GENE,1,INFLAMMATORY
IGFBP5,IGFBP5,GENE,1,INFLAMMATORY
IGHA1,IGHA1,GENE,1,INFLAMMATORY
IGHE,IGHE,GENE,1,INFLAMMATORY
IGHG1,IGHG1,GENE,1,INFLAMMATORY
IGHG3,IGHG3,GENE,1,INFLAMMATORY
IGHM,IGHM,GENE,1,INFLAMMATORY
IGKV2D-29,IGKV2D-29,GENE,1,INFLAMMATORY
IKBKB,IKBKB,GENE,1,INFLAMMATORY
IKBKE,IKBKE,GENE,1,INFLAMMATORY
IKZF1,IKZF1,GENE,1,INFLAMMATORY
IL1,IL1,GENE,1,INFLAMMATORY
IL10,IL10,GENE,1,INFLAMMATORY
IL10RA,IL10RA,GENE,1,INFLAMMATORY
IL11,IL11,GENE,1,INFLAMMATORY
IL12,IL12,GENE,1,INFLAMMATORY
IL12B,IL12B,GENE,1,INFLAMMATORY
IL12RB2,IL12RB2,GENE,1,INFLAMMATORY
IL13,IL13,GENE,1,INFLAMMATORY
IL15,IL15,GENE,1,INFLAMMATORY
IL16,IL16,GENE,1,INFLAMMATORY
IL17A,IL17A,GENE,1,INFLAMMATORY
IL17B,IL17B,GENE,1,INFLAMMATORY
IL17C,IL17C,GENE,1,INFLAMMATORY
IL17D,IL17D,GENE,1,INFLAMMATORY
IL17F,IL17F,GENE,1,INFLAMMATORY
IL17RA,IL17RA,GENE,1,INFLAMMATORY
IL18,IL18,GENE,1,INFLAMMATORY
IL18BP,IL18BP,GENE,1,INFLAMMATORY
IL18RAP,IL18RAP,GENE,1,INFLAMMATORY
IL19,IL19,GENE,1,INFLAMMATORY
IL1A,IL1A,GENE,1,INFLAMMATORY
IL1B,IL1B,GENE,1,INFLAMMATORY
IL1F10,IL1F10,GENE,1,INFLAMMATORY
IL1R1,IL1R1,GENE,1,INFLAMMATORY
IL1RL1,IL1RL1,GENE,1,INFLAMMATORY
IL1RL2,IL1RL2,GENE,1,INFLAMMATORY
IL1RN,IL1RN,GENE,1,INFLAMMATORY
IL2,IL2,GENE,1,INFLAMMATORY
IL20,IL20,GENE,1,INFLAMMATORY
IL20RB,IL20RB,GENE,1,INFLAMMATORY
IL21,IL21,GENE,1,INFLAMMATORY
IL21R,IL21R,GENE,1,INFLAMMATORY
IL22,IL22,GENE,1,INFLAMMATORY
IL22RA2,IL22RA2,GENE,1,INFLAMMATORY
IL23A,IL23A,GENE,1,INFLAMMATORY
IL23R,IL23R,GENE,1,INFLAMMATORY
IL24,IL24,GENE,1,INFLAMMATORY
IL26,IL26,GENE,1,INFLAMMATORY
IL27,IL27,GENE,1,INFLAMMATORY
IL2RA,IL2RA,GENE,1,INFLAMMATORY
IL3,IL3,GENE,1,INFLAMMATORY
IL31,IL31,GENE,1,INFLAMMATORY
IL32,IL32,GENE,1,INFLAMMATORY
IL33,IL33,GENE,1,INFLAMMATORY
IL34,IL34,GENE,1,INFLAMMATORY
IL36A,IL36A,GENE,1,INFLAMMATORY
IL36G,IL36G,GENE,1,INFLAMMATORY
IL36RN,IL36RN,GENE,1,INFLAMMATORY
IL37,IL37,GENE,1,INFLAMMATORY
IL4,IL4,GENE,1,INFLAMMATORY
IL4I1,IL4I1,GENE,1,INFLAMMATORY
IL4R,IL4R,GENE,1,INFLAMMATORY
IL5,IL5,GENE,1,INFLAMMATORY
IL6,IL6,GENE,1,INFLAMMATORY
IL6R,IL6R,GENE,1,INFLAMMATORY
IL6ST,IL6ST,GENE,1,INFLAMMATORY
IL7,IL7,GENE,1,INFLAMMATORY
IL7R,IL7R,GENE,1,INFLAMMATORY
IL8,IL8,GENE,1,INFLAMMATORY
IL9,IL9,GENE,1,INFLAMMATORY
ING4,ING4,GENE,1,INFLAMMATORY
INHBE,INHBE,GENE,1,INFLAMMATORY
INS,INS,GENE,1,INFLAMMATORY
INSL3,INSL3,GENE,1,INFLAMMATORY
INSRR,INSRR,GENE,1,INFLAMMATORY
IRAK1,IRAK1,GENE,1,INFLAMMATORY
IRF1,IRF1,GENE,1,INFLAMMATORY
IRF2,IRF2,GENE,1,INFLAMMATORY
IRF3,IRF3,GENE,1,INFLAMMATORY
IRF4,IRF4,GENE,1,INFLAMMATORY
IRF5,IRF5,GENE,1,INFLAMMATORY
IRF7,IRF7,GENE,1,INFLAMMATORY
IRF8,IRF8,GENE,1,INFLAMMATORY
IRGM,IRGM,GENE,1,INFLAMMATORY
ISPD,ISPD,GENE,1,INFLAMMATORY
ITGA1,ITGA1,GENE,1,INFLAMMATORY
ITGA2,ITGA2,GENE,1,INFLAMMATORY
ITGAE,ITGAE,GENE,1,INFLAMMATORY
ITGAL,ITGAL,GENE,1,INFLAMMATORY
ITGAM,ITGAM,GENE,1,INFLAMMATORY
ITGAX,ITGAX,GENE,1,INFLAMMATORY
ITGB2,ITGB2,GENE,1,INFLAMMATORY
ITLN1,ITLN1,GENE,1,INFLAMMATORY
ITPKC,ITPKC,GENE,1,INFLAMMATORY
JAK1,JAK1,GENE,1,INFLAMMATORY
JAK2,JAK2,GENE,1,INFLAMMATORY
JAK3,JAK3,GENE,1,INFLAMMATORY
JMY,JMY,GENE,1,INFLAMMATORY
JUN,JUN,GENE,1,INFLAMMATORY
JUNB,JUNB,GENE,1,INFLAMMATORY
JUND,JUND,GENE,1,INFLAMMATORY
KARS,KARS,GENE,1,INFLAMMATORY
KCNA3,KCNA3,GENE,1,INFLAMMATORY
KCNE3,KCNE3,GENE,1,INFLAMMATORY
KCNN4,KCNN4,GENE,1,INFLAMMATORY
KCNQ1,KCNQ1,GENE,1,INFLAMMATORY
KDM5A,KDM5A,GENE,1,INFLAMMATORY
KDM6B,KDM6B,GENE,1,INFLAMMATORY
KDR,KDR,GENE,1,INFLAMMATORY
KHDRBS1,KHDRBS1,GENE,1,INFLAMMATORY
KIAA0101,KIAA0101,GENE,1,INFLAMMATORY
KIR2DL2,KIR2DL2,GENE,1,INFLAMMATORY
KIR2DL3,KIR2DL3,GENE,1,INFLAMMATORY
KIR2DL4,KIR2DL4,GENE,1,INFLAMMATORY
KIR2DS2,KIR2DS2,GENE,1,INFLAMMATORY
KIR3DL1,KIR3DL1,GENE,1,INFLAMMATORY
KIR3DL2,KIR3DL2,GENE,1,INFLAMMATORY
KIR3DL3,KIR3DL3,GENE,1,INFLAMMATORY
KITLG,KITLG,GENE,1,INFLAMMATORY
KL,KL,GENE,1,INFLAMMATORY
KLF13,KLF13,GENE,1,INFLAMMATORY
KLF2,KLF2,GENE,1,INFLAMMATORY
KLF5,KLF5,GENE,1,INFLAMMATORY
KLK1,KLK1,GENE,1,INFLAMMATORY
KLK4,KLK4,GENE,1,INFLAMMATORY
KLK6,KLK6,GENE,1,INFLAMMATORY
KLK7,KLK7,GENE,1,INFLAMMATORY
KLK8,KLK8,GENE,1,INFLAMMATORY
KLKB1,KLKB1,GENE,1,INFLAMMATORY
KLRB1,KLRB1,GENE,1,INFLAMMATORY
KLRK1,KLRK1,GENE,1,INFLAMMATORY
KNG1,KNG1,GENE,1,INFLAMMATORY
KRAS,KRAS,GENE,1,INFLAMMATORY
KRT1,KRT1,GENE,1,INFLAMMATORY
KRT10,KRT10,GENE,1,INFLAMMATORY
KRT14,KRT14,GENE,1,INFLAMMATORY
KRT16,KRT16,GENE,1,INFLAMMATORY
KRT17,KRT17,GENE,1,INFLAMMATORY
KRT5,KRT5,GENE,1,INFLAMMATORY
KRT76,KRT76,GENE,1,INFLAMMATORY
LAIR1,LAIR1,GENE,1,INFLAMMATORY
LAMP1,LAMP1,GENE,1,INFLAMMATORY
LANCL1,LANCL1,GENE,1,INFLAMMATORY
LBR,LBR,GENE,1,INFLAMMATORY
LCE3B,LCE3B,GENE,1,INFLAMMATORY
LCE3C,LCE3C,GENE,1,INFLAMMATORY
LCN1,LCN1,GENE,1,INFLAMMATORY
LCN2,LCN2,GENE,1,INFLAMMATORY
LCT,LCT,GENE,1,INFLAMMATORY
LEP,LEP,GENE,1,INFLAMMATORY
LEPR,LEPR,GENE,1,INFLAMMATORY
LEPREL2,LEPREL2,GENE,1,INFLAMMATORY
LGALS1,LGALS1,GENE,1,INFLAMMATORY
LGALS3,LGALS3,GENE,1,INFLAMMATORY
LGALS3BP,LGALS3BP,GENE,1,INFLAMMATORY
LGALS8,LGALS8,GENE,1,INFLAMMATORY
LGALS9,LGALS9,GENE,1,INFLAMMATORY
LIF,LIF,GENE,1,INFLAMMATORY
LILRA3,LILRA3,GENE,1,INFLAMMATORY
LMNA,LMNA,GENE,1,INFLAMMATORY
LMNB1,LMNB1,GENE,1,INFLAMMATORY
LOX,LOX,GENE,1,INFLAMMATORY
LPA,LPA,GENE,1,INFLAMMATORY
LPL,LPL,GENE,1,INFLAMMATORY
LRBA,LRBA,GENE,1,INFLAMMATORY
LRG1,LRG1,GENE,1,INFLAMMATORY
LRP1,LRP1,GENE,1,INFLAMMATORY
LRP2,LRP2,GENE,1,INFLAMMATORY
LRP5,LRP5,GENE,1,INFLAMMATORY
LRP6,LRP6,GENE,1,INFLAMMATORY
LRRK2,LRRK2,GENE,1,INFLAMMATORY
LSM2,LSM2,GENE,1,INFLAMMATORY
LTA,LTA,GENE,1,INFLAMMATORY
LTB,LTB,GENE,1,INFLAMMATORY
LTB4R,LTB4R,GENE,1,INFLAMMATORY
LTBR,LTBR,GENE,1,INFLAMMATORY
LTF,LTF,GENE,1,INFLAMMATORY
LXN,LXN,GENE,1,INFLAMMATORY
LY75,LY75,GENE,1,INFLAMMATORY
LY9,LY9,GENE,1,INFLAMMATORY
LYN,LYN,GENE,1,INFLAMMATORY
LYPD4,LYPD4,GENE,1,INFLAMMATORY
LYZ,LYZ,GENE,1,INFLAMMATORY
MADCAM1,MADCAM1,GENE,1,INFLAMMATORY
MAP1LC3A,MAP1LC3A,GENE,1,INFLAMMATORY
MAP1LC3B,MAP1LC3B,GENE,1,INFLAMMATORY
MAP2K3,MAP2K3,GENE,1,INFLAMMATORY
MAP2K6,MAP2K6,GENE,1,INFLAMMATORY
MAP2K7,MAP2K7,GENE,1,INFLAMMATORY
MAP3K14,MAP3K14,GENE,1,INFLAMMATORY
MAP3K7,MAP3K7,GENE,1,INFLAMMATORY
MAPK1,MAPK1,GENE,1,INFLAMMATORY
MAPK12,MAPK12,GENE,1,INFLAMMATORY
MAPK13,MAPK13,GENE,1,INFLAMMATORY
MAPK14,MAPK14,GENE,1,INFLAMMATORY
MAPK3,MAPK3,GENE,1,INFLAMMATORY
MAPK7,MAPK7,GENE,1,INFLAMMATORY
MAPK8,MAPK8,GENE,1,INFLAMMATORY
MARCKSL1,MARCKSL1,GENE,1,INFLAMMATORY
MAS1,MAS1,GENE,1,INFLAMMATORY
MASP1,MASP1,GENE,1,INFLAMMATORY
MASP2,MASP2,GENE,1,INFLAMMATORY
MAVS,MAVS,GENE,1,INFLAMMATORY
MB21D1,MB21D1,GENE,1,INFLAMMATORY
MBL2,MBL2,GENE,1,INFLAMMATORY
MBP,MBP,GENE,1,INFLAMMATORY
MBTPS1,MBTPS1,GENE,1,INFLAMMATORY
MC3R,MC3R,GENE,1,INFLAMMATORY
MCL1,MCL1,GENE,1,INFLAMMATORY
MDK,MDK,GENE,1,INFLAMMATORY
MDM2,MDM2,GENE,1,INFLAMMATORY
MECOM,MECOM,GENE,1,INFLAMMATORY
MECP2,MECP2,GENE,1,INFLAMMATORY
MEFV,MEFV,GENE,1,INFLAMMATORY
MEN1,MEN1,GENE,1,INFLAMMATORY
MEPE,MEPE,GENE,1,INFLAMMATORY
MERTK,MERTK,GENE,1,INFLAMMATORY
MET,MET,GENE,1,INFLAMMATORY
MFGE8,MFGE8,GENE,1,INFLAMMATORY
MGARP,MGARP,GENE,1,INFLAMMATORY
MGMT,MGMT,GENE,1,INFLAMMATORY
MGP,MGP,GENE,1,INFLAMMATORY
MIA,MIA,GENE,1,INFLAMMATORY
MICB,MICB,GENE,1,INFLAMMATORY
MIF,MIF,GENE,1,INFLAMMATORY
MIP,MIP,GENE,1,INFLAMMATORY
MIR106B,MIR106B,GENE,1,INFLAMMATORY
MIR10A,MIR10A,GENE,1,INFLAMMATORY
MIR126,MIR126,GENE,1,INFLAMMATORY
MIR1266,MIR1266,GENE,1,INFLAMMATORY
MIR135B,MIR135B,GENE,1,INFLAMMATORY
MIR142,MIR142,GENE,1,INFLAMMATORY
MIR146A,MIR146A,GENE,1,INFLAMMATORY
MIR155,MIR155,GENE,1,INFLAMMATORY
MIR192,MIR192,GENE,1,INFLAMMATORY
MIR194-1,MIR194-1,GENE,1,INFLAMMATORY
MIR200C,MIR200C,GENE,1,INFLAMMATORY
MIR203,MIR203,GENE,1,INFLAMMATORY
MIR205,MIR205,GENE,1,INFLAMMATORY
MIR21,MIR21,GENE,1,INFLAMMATORY
MIR214,MIR214,GENE,1,INFLAMMATORY
MIR23B,MIR23B,GENE,1,INFLAMMATORY
MIR26A1,MIR26A1,GENE,1,INFLAMMATORY
MIR29A,MIR29A,GENE,1,INFLAMMATORY
MIR31,MIR31,GENE,1,INFLAMMATORY
MIR34A,MIR34A,GENE,1,INFLAMMATORY
MIR378A,MIR378A,GENE,1,INFLAMMATORY
MIR490,MIR490,GENE,1,INFLAMMATORY
MIR491,MIR491,GENE,1,INFLAMMATORY
MIR499A,MIR499A,GENE,1,INFLAMMATORY
MIR-7,MIR-7,GENE,1,INFLAMMATORY
MIR708,MIR708,GENE,1,INFLAMMATORY
MIR99A,MIR99A,GENE,1,INFLAMMATORY
MME,MME,GENE,1,INFLAMMATORY
MMP1,MMP1,GENE,1,INFLAMMATORY
MMP12,MMP12,GENE,1,INFLAMMATORY
MMP13,MMP13,GENE,1,INFLAMMATORY
MMP14,MMP14,GENE,1,INFLAMMATORY
MMP19,MMP19,GENE,1,INFLAMMATORY
MMP2,MMP2,GENE,1,INFLAMMATORY
MMP3,MMP3,GENE,1,INFLAMMATORY
MMP7,MMP7,GENE,1,INFLAMMATORY
MMP8,MMP8,GENE,1,INFLAMMATORY
MMP9,MMP9,GENE,1,INFLAMMATORY
MMRN1,MMRN1,GENE,1,INFLAMMATORY
MPO,MPO,GENE,1,INFLAMMATORY
MPZ,MPZ,GENE,1,INFLAMMATORY
MRAP,MRAP,GENE,1,INFLAMMATORY
MRC1,MRC1,GENE,1,INFLAMMATORY
MRGPRF,MRGPRF,GENE,1,INFLAMMATORY
MRPL49,MRPL49,GENE,1,INFLAMMATORY
MRSS,MRSS,GENE,1,INFLAMMATORY
MS4A1,MS4A1,GENE,1,INFLAMMATORY
MSC,MSC,GENE,1,INFLAMMATORY
MSH2,MSH2,GENE,1,INFLAMMATORY
MSH5,MSH5,GENE,1,INFLAMMATORY
MSN,MSN,GENE,1,INFLAMMATORY
MSR1,MSR1,GENE,1,INFLAMMATORY
MST1,MST1,GENE,1,INFLAMMATORY
MSTN,MSTN,GENE,1,INFLAMMATORY
MSX2,MSX2,GENE,1,INFLAMMATORY
MT1JP,MT1JP,GENE,1,INFLAMMATORY
MTA2,MTA2,GENE,1,INFLAMMATORY
MTFMT,MTFMT,GENE,1,INFLAMMATORY
MTHFR,MTHFR,GENE,1,INFLAMMATORY
MTOR,MTOR,GENE,1,INFLAMMATORY
MUC1,MUC1,GENE,1,INFLAMMATORY
MUC16,MUC16,GENE,1,INFLAMMATORY
MUC2,MUC2,GENE,1,INFLAMMATORY
MUC5AC,MUC5AC,GENE,1,INFLAMMATORY
MVD,MVD,GENE,1,INFLAMMATORY
MX1,MX1,GENE,1,INFLAMMATORY
MYD88,MYD88,GENE,1,INFLAMMATORY
MYOM2,MYOM2,GENE,1,INFLAMMATORY
NAB2,NAB2,GENE,1,INFLAMMATORY
NAMPT,NAMPT,GENE,1,INFLAMMATORY
NAPA,NAPA,GENE,1,INFLAMMATORY
NCAM1,NCAM1,GENE,1,INFLAMMATORY
NCF1,NCF1,GENE,1,INFLAMMATORY
NCF2,NCF2,GENE,1,INFLAMMATORY
NCF4,NCF4,GENE,1,INFLAMMATORY
NCR1,NCR1,GENE,1,INFLAMMATORY
NDC80,NDC80,GENE,1,INFLAMMATORY
NDUFB6,NDUFB6,GENE,1,INFLAMMATORY
NELFCD,NELFCD,GENE,1,INFLAMMATORY
NELL1,NELL1,GENE,1,INFLAMMATORY
NFATC1,NFATC1,GENE,1,INFLAMMATORY
NFE2,NFE2,GENE,1,INFLAMMATORY
NFE2L2,NFE2L2,GENE,1,INFLAMMATORY
NFIL3,NFIL3,GENE,1,INFLAMMATORY
NF-KB,NF-KB,GENE,1,INFLAMMATORY
NFKB1,NFKB1,GENE,1,INFLAMMATORY
NFKBIA,NFKBIA,GENE,1,INFLAMMATORY
NGF,NGF,GENE,1,INFLAMMATORY
NKX2-3,NKX2-3,GENE,1,INFLAMMATORY
NLRP3,NLRP3,GENE,1,INFLAMMATORY
NMU,NMU,GENE,1,INFLAMMATORY
NOD1,NOD1,GENE,1,INFLAMMATORY
NOD2,NOD2,GENE,1,INFLAMMATORY
NOG,NOG,GENE,1,INFLAMMATORY
NOS1,NOS1,GENE,1,INFLAMMATORY
NOS2,NOS2,GENE,1,INFLAMMATORY
NOS3,NOS3,GENE,1,INFLAMMATORY
NOTCH1,NOTCH1,GENE,1,INFLAMMATORY
NOTCH2,NOTCH2,GENE,1,INFLAMMATORY
NOTCH4,NOTCH4,GENE,1,INFLAMMATORY
NOX1,NOX1,GENE,1,INFLAMMATORY
NOX4,NOX4,GENE,1,INFLAMMATORY
NPPB,NPPB,GENE,1,INFLAMMATORY
NPS,NPS,GENE,1,INFLAMMATORY
NPTX1,NPTX1,GENE,1,INFLAMMATORY
NPY,NPY,GENE,1,INFLAMMATORY
NR0B1,NR0B1,GENE,1,INFLAMMATORY
NR2C2,NR2C2,GENE,1,INFLAMMATORY
NR3C1,NR3C1,GENE,1,INFLAMMATORY
NR4A1,NR4A1,GENE,1,INFLAMMATORY
NR4A2,NR4A2,GENE,1,INFLAMMATORY
NRD1,NRD1,GENE,1,INFLAMMATORY
NRIP1,NRIP1,GENE,1,INFLAMMATORY
NRP1,NRP1,GENE,1,INFLAMMATORY
NT5C2,NT5C2,GENE,1,INFLAMMATORY
NTM,NTM,GENE,1,INFLAMMATORY
NTN1,NTN1,GENE,1,INFLAMMATORY
NTRK1,NTRK1,GENE,1,INFLAMMATORY
NUBP1,NUBP1,GENE,1,INFLAMMATORY
NUCB2,NUCB2,GENE,1,INFLAMMATORY
NUP62,NUP62,GENE,1,INFLAMMATORY
OCA2,OCA2,GENE,1,INFLAMMATORY
OCLN,OCLN,GENE,1,INFLAMMATORY
ODC1,ODC1,GENE,1,INFLAMMATORY
OLR1,OLR1,GENE,1,INFLAMMATORY
OPRM1,OPRM1,GENE,1,INFLAMMATORY
ORAI1,ORAI1,GENE,1,INFLAMMATORY
ORMDL3,ORMDL3,GENE,1,INFLAMMATORY
OSM,OSM,GENE,1,INFLAMMATORY
P2RX7,P2RX7,GENE,1,INFLAMMATORY
PADI2,PADI2,GENE,1,INFLAMMATORY
PADI4,PADI4,GENE,1,INFLAMMATORY
PARP1,PARP1,GENE,1,INFLAMMATORY
PCNA,PCNA,GENE,1,INFLAMMATORY
PDC,PDC,GENE,1,INFLAMMATORY
PDCD1,PDCD1,GENE,1,INFLAMMATORY
PDE4A,PDE4A,GENE,1,INFLAMMATORY
PDGFB,PDGFB,GENE,1,INFLAMMATORY
PDGFRA,PDGFRA,GENE,1,INFLAMMATORY
PDGFRB,PDGFRB,GENE,1,INFLAMMATORY
PDLIM4,PDLIM4,GENE,1,INFLAMMATORY
PECAM1,PECAM1,GENE,1,INFLAMMATORY
PEPD,PEPD,GENE,1,INFLAMMATORY
PF4,PF4,GENE,1,INFLAMMATORY
PGF,PGF,GENE,1,INFLAMMATORY
PGLYRP1,PGLYRP1,GENE,1,INFLAMMATORY
PGLYRP2,PGLYRP2,GENE,1,INFLAMMATORY
PI3,PI3,GENE,1,INFLAMMATORY
PIK3CG,PIK3CG,GENE,1,INFLAMMATORY
PIN1,PIN1,GENE,1,INFLAMMATORY
PLA2G10,PLA2G10,GENE,1,INFLAMMATORY
PLA2G1B,PLA2G1B,GENE,1,INFLAMMATORY
PLA2G7,PLA2G7,GENE,1,INFLAMMATORY
PLAT,PLAT,GENE,1,INFLAMMATORY
PLAU,PLAU,GENE,1,INFLAMMATORY
PLAUR,PLAUR,GENE,1,INFLAMMATORY
PLD2,PLD2,GENE,1,INFLAMMATORY
PLEKHO1,PLEKHO1,GENE,1,INFLAMMATORY
PLG,PLG,GENE,1,INFLAMMATORY
PLS3,PLS3,GENE,1,INFLAMMATORY
PML,PML,GENE,1,INFLAMMATORY
PMP22,PMP22,GENE,1,INFLAMMATORY
PNKP,PNKP,GENE,1,INFLAMMATORY
POLD3,POLD3,GENE,1,INFLAMMATORY
POLR3A,POLR3A,GENE,1,INFLAMMATORY
PON1,PON1,GENE,1,INFLAMMATORY
POSTN,POSTN,GENE,1,INFLAMMATORY
PPARA,PPARA,GENE,1,INFLAMMATORY
PPARD,PPARD,GENE,1,INFLAMMATORY
PPARG,PPARG,GENE,1,INFLAMMATORY
PPARGC1B,PPARGC1B,GENE,1,INFLAMMATORY
PPBP,PPBP,GENE,1,INFLAMMATORY
PPIA,PPIA,GENE,1,INFLAMMATORY
PPP1R12C,PPP1R12C,GENE,1,INFLAMMATORY
PPP2R4,PPP2R4,GENE,1,INFLAMMATORY
PRDM1,PRDM1,GENE,1,INFLAMMATORY
PRDX1,PRDX1,GENE,1,INFLAMMATORY
PRDX2,PRDX2,GENE,1,INFLAMMATORY
PRG4,PRG4,GENE,1,INFLAMMATORY
PRINS,PRINS,GENE,1,INFLAMMATORY
PRKAA1,PRKAA1,GENE,1,INFLAMMATORY
PRKAB1,PRKAB1,GENE,1,INFLAMMATORY
PRKCA,PRKCA,GENE,1,INFLAMMATORY
PRKCD,PRKCD,GENE,1,INFLAMMATORY
PRKCQ,PRKCQ,GENE,1,INFLAMMATORY
PRKD1,PRKD1,GENE,1,INFLAMMATORY
PRL,PRL,GENE,1,INFLAMMATORY
PRMT5,PRMT5,GENE,1,INFLAMMATORY
PROC,PROC,GENE,1,INFLAMMATORY
PROK2,PROK2,GENE,1,INFLAMMATORY
PRS,PRS,GENE,1,INFLAMMATORY
PRTN3,PRTN3,GENE,1,INFLAMMATORY
PSMB8,PSMB8,GENE,1,INFLAMMATORY
PSORS1C1,PSORS1C1,GENE,1,INFLAMMATORY
PSORS4,PSORS4,GENE,1,INFLAMMATORY
PSS,PSS,GENE,1,INFLAMMATORY
PTBP1,PTBP1,GENE,1,INFLAMMATORY
PTEN,PTEN,GENE,1,INFLAMMATORY
PTGER2,PTGER2,GENE,1,INFLAMMATORY
PTGER4,PTGER4,GENE,1,INFLAMMATORY
PTGES,PTGES,GENE,1,INFLAMMATORY
PTGS1,PTGS1,GENE,1,INFLAMMATORY
PTGS2,PTGS2,GENE,1,INFLAMMATORY
PTH,PTH,GENE,1,INFLAMMATORY
PTH1R,PTH1R,GENE,1,INFLAMMATORY
PTHLH,PTHLH,GENE,1,INFLAMMATORY
PTK2B,PTK2B,GENE,1,INFLAMMATORY
PTN,PTN,GENE,1,INFLAMMATORY
PTP4A1,PTP4A1,GENE,1,INFLAMMATORY
PTPN11,PTPN11,GENE,1,INFLAMMATORY
PTPN2,PTPN2,GENE,1,INFLAMMATORY
PTPN22,PTPN22,GENE,1,INFLAMMATORY
PTPRC,PTPRC,GENE,1,INFLAMMATORY
PTPRJ,PTPRJ,GENE,1,INFLAMMATORY
PTRH1,PTRH1,GENE,1,INFLAMMATORY
PTX3,PTX3,GENE,1,INFLAMMATORY
PXK,PXK,GENE,1,INFLAMMATORY
PYCARD,PYCARD,GENE,1,INFLAMMATORY
QPCT,QPCT,GENE,1,INFLAMMATORY
RABEPK,RABEPK,GENE,1,INFLAMMATORY
RAC1,RAC1,GENE,1,INFLAMMATORY
RAD51,RAD51,GENE,1,INFLAMMATORY
RAF1,RAF1,GENE,1,INFLAMMATORY
RAG2,RAG2,GENE,1,INFLAMMATORY
RARRES2,RARRES2,GENE,1,INFLAMMATORY
RARRES3,RARRES3,GENE,1,INFLAMMATORY
RBFOX2,RBFOX2,GENE,1,INFLAMMATORY
RBM45,RBM45,GENE,1,INFLAMMATORY
REG1A,REG1A,GENE,1,INFLAMMATORY
REG4,REG4,GENE,1,INFLAMMATORY
REL,REL,GENE,1,INFLAMMATORY
RETN,RETN,GENE,1,INFLAMMATORY
RFX1,RFX1,GENE,1,INFLAMMATORY
RHBDF2,RHBDF2,GENE,1,INFLAMMATORY
RHBDL2,RHBDL2,GENE,1,INFLAMMATORY
RHCE,RHCE,GENE,1,INFLAMMATORY
RHD,RHD,GENE,1,INFLAMMATORY
RHOB,RHOB,GENE,1,INFLAMMATORY
RHOBTB2,RHOBTB2,GENE,1,INFLAMMATORY
RHOV,RHOV,GENE,1,INFLAMMATORY
RICTOR,RICTOR,GENE,1,INFLAMMATORY
RIN3,RIN3,GENE,1,INFLAMMATORY
RIPK3,RIPK3,GENE,1,INFLAMMATORY
RNASE3,RNASE3,GENE,1,INFLAMMATORY
RNF186,RNF186,GENE,1,INFLAMMATORY
RNR2,RNR2,GENE,1,INFLAMMATORY
RPL17,RPL17,GENE,1,INFLAMMATORY
RPSA,RPSA,GENE,1,INFLAMMATORY
RPTOR,RPTOR,GENE,1,INFLAMMATORY
RRP1,RRP1,GENE,1,INFLAMMATORY
RRP8,RRP8,GENE,1,INFLAMMATORY
RSPO1,RSPO1,GENE,1,INFLAMMATORY
RTCA,RTCA,GENE,1,INFLAMMATORY
RTN1,RTN1,GENE,1,INFLAMMATORY
RUNX2,RUNX2,GENE,1,INFLAMMATORY
RUNX3,RUNX3,GENE,1,INFLAMMATORY
RXFP2,RXFP2,GENE,1,INFLAMMATORY
RYR1,RYR1,GENE,1,INFLAMMATORY
S100A1,S100A1,GENE,1,INFLAMMATORY
S100A12,S100A12,GENE,1,INFLAMMATORY
S100A14,S100A14,GENE,1,INFLAMMATORY
S100A4,S100A4,GENE,1,INFLAMMATORY
S100A7,S100A7,GENE,1,INFLAMMATORY
S100A8,S100A8,GENE,1,INFLAMMATORY
S100A9,S100A9,GENE,1,INFLAMMATORY
S100B,S100B,GENE,1,INFLAMMATORY
S1PR1,S1PR1,GENE,1,INFLAMMATORY
SAA1,SAA1,GENE,1,INFLAMMATORY
SATB2,SATB2,GENE,1,INFLAMMATORY
SCAI,SCAI,GENE,1,INFLAMMATORY
SCGB1A1,SCGB1A1,GENE,1,INFLAMMATORY
SCN9A,SCN9A,GENE,1,INFLAMMATORY
SCT,SCT,GENE,1,INFLAMMATORY
SDC1,SDC1,GENE,1,INFLAMMATORY
SDC4,SDC4,GENE,1,INFLAMMATORY
SELE,SELE,GENE,1,INFLAMMATORY
SELL,SELL,GENE,1,INFLAMMATORY
SELP,SELP,GENE,1,INFLAMMATORY
SELPLG,SELPLG,GENE,1,INFLAMMATORY
SEMA3A,SEMA3A,GENE,1,INFLAMMATORY
SEMA3E,SEMA3E,GENE,1,INFLAMMATORY
SEMA4A,SEMA4A,GENE,1,INFLAMMATORY
SEMA4D,SEMA4D,GENE,1,INFLAMMATORY
SEMG1,SEMG1,GENE,1,INFLAMMATORY
SENP1,SENP1,GENE,1,INFLAMMATORY
SERP1,SERP1,GENE,1,INFLAMMATORY
SERPINA1,SERPINA1,GENE,1,INFLAMMATORY
SERPINA4,SERPINA4,GENE,1,INFLAMMATORY
SERPINA5,SERPINA5,GENE,1,INFLAMMATORY
SERPINA6,SERPINA6,GENE,1,INFLAMMATORY
SERPINB13,SERPINB13,GENE,1,INFLAMMATORY
SERPINB3,SERPINB3,GENE,1,INFLAMMATORY
SERPINC1,SERPINC1,GENE,1,INFLAMMATORY
SERPINE1,SERPINE1,GENE,1,INFLAMMATORY
SERPINE2,SERPINE2,GENE,1,INFLAMMATORY
SERPINF1,SERPINF1,GENE,1,INFLAMMATORY
SERPINF2,SERPINF2,GENE,1,INFLAMMATORY
SERPINH1,SERPINH1,GENE,1,INFLAMMATORY
SETBP1,SETBP1,GENE,1,INFLAMMATORY
SETX,SETX,GENE,1,INFLAMMATORY
SH2B2,SH2B2,GENE,1,INFLAMMATORY
SHBG,SHBG,GENE,1,INFLAMMATORY
SIGIRR,SIGIRR,GENE,1,INFLAMMATORY
SIGLEC1,SIGLEC1,GENE,1,INFLAMMATORY
SIK3,SIK3,GENE,1,INFLAMMATORY
SIRT1,SIRT1,GENE,1,INFLAMMATORY
SIRT6,SIRT6,GENE,1,INFLAMMATORY
SLAMF1,SLAMF1,GENE,1,INFLAMMATORY
SLC11A1,SLC11A1,GENE,1,INFLAMMATORY
SLC11A2,SLC11A2,GENE,1,INFLAMMATORY
SLC16A4,SLC16A4,GENE,1,INFLAMMATORY
SLC19A1,SLC19A1,GENE,1,INFLAMMATORY
SLC22A4,SLC22A4,GENE,1,INFLAMMATORY
SLC22A5,SLC22A5,GENE,1,INFLAMMATORY
SLC30A10,SLC30A10,GENE,1,INFLAMMATORY
SLC3A2,SLC3A2,GENE,1,INFLAMMATORY
SLC51A,SLC51A,GENE,1,INFLAMMATORY
SLC6A4,SLC6A4,GENE,1,INFLAMMATORY
SLC9A3,SLC9A3,GENE,1,INFLAMMATORY
SLCO6A1,SLCO6A1,GENE,1,INFLAMMATORY
SLEB3,SLEB3,GENE,1,INFLAMMATORY
SLPI,SLPI,GENE,1,INFLAMMATORY
SMAD1,SMAD1,GENE,1,INFLAMMATORY
SMAD2,SMAD2,GENE,1,INFLAMMATORY
SMAD3,SMAD3,GENE,1,INFLAMMATORY
SMAD4,SMAD4,GENE,1,INFLAMMATORY
SMAD5,SMAD5,GENE,1,INFLAMMATORY
SMAD6,SMAD6,GENE,1,INFLAMMATORY
SMAD7,SMAD7,GENE,1,INFLAMMATORY
SMURF1,SMURF1,GENE,1,INFLAMMATORY
SNRNP70,SNRNP70,GENE,1,INFLAMMATORY
SNRPD1,SNRPD1,GENE,1,INFLAMMATORY
SNRPG,SNRPG,GENE,1,INFLAMMATORY
SOCS1,SOCS1,GENE,1,INFLAMMATORY
SOCS3,SOCS3,GENE,1,INFLAMMATORY
SOD2,SOD2,GENE,1,INFLAMMATORY
SOD3,SOD3,GENE,1,INFLAMMATORY
SOST,SOST,GENE,1,INFLAMMATORY
SOX5,SOX5,GENE,1,INFLAMMATORY
SOX6,SOX6,GENE,1,INFLAMMATORY
SP1,SP1,GENE,1,INFLAMMATORY
SP7,SP7,GENE,1,INFLAMMATORY
SPARC,SPARC,GENE,1,INFLAMMATORY
SPAST,SPAST,GENE,1,INFLAMMATORY
SPG7,SPG7,GENE,1,INFLAMMATORY
SPHK1,SPHK1,GENE,1,INFLAMMATORY
SPHK2,SPHK2,GENE,1,INFLAMMATORY
SPINK1,SPINK1,GENE,1,INFLAMMATORY
SPP1,SPP1,GENE,1,INFLAMMATORY
SPRED2,SPRED2,GENE,1,INFLAMMATORY
SPTAN1,SPTAN1,GENE,1,INFLAMMATORY
SQRDL,SQRDL,GENE,1,INFLAMMATORY
SQSTM1,SQSTM1,GENE,1,INFLAMMATORY
SSB,SSB,GENE,1,INFLAMMATORY
SSRP1,SSRP1,GENE,1,INFLAMMATORY
SST,SST,GENE,1,INFLAMMATORY
SSTR5,SSTR5,GENE,1,INFLAMMATORY
ST2,ST2,GENE,1,INFLAMMATORY
ST3GAL4,ST3GAL4,GENE,1,INFLAMMATORY
ST8,ST8,GENE,1,INFLAMMATORY
STAT1,STAT1,GENE,1,INFLAMMATORY
STAT3,STAT3,GENE,1,INFLAMMATORY
STAT4,STAT4,GENE,1,INFLAMMATORY
STAT5A,STAT5A,GENE,1,INFLAMMATORY
STAT6,STAT6,GENE,1,INFLAMMATORY
STEAP4,STEAP4,GENE,1,INFLAMMATORY
SUBSTANCE P,SUBSTANCE P,GENE,1,INFLAMMATORY
SUCNR1,SUCNR1,GENE,1,INFLAMMATORY
SUPEROXIDE DISMUTASE,SUPEROXIDE DISMUTASE,GENE,1,INFLAMMATORY
SYK,SYK,GENE,1,INFLAMMATORY
SYNPR,SYNPR,GENE,1,INFLAMMATORY
TAP1,TAP1,GENE,1,INFLAMMATORY
TAP2,TAP2,GENE,1,INFLAMMATORY
TARDBP,TARDBP,GENE,1,INFLAMMATORY
TBC1D9,TBC1D9,GENE,1,INFLAMMATORY
TBCA,TBCA,GENE,1,INFLAMMATORY
TBCE,TBCE,GENE,1,INFLAMMATORY
TBK1,TBK1,GENE,1,INFLAMMATORY
TBX21,TBX21,GENE,1,INFLAMMATORY
TBX5,TBX5,GENE,1,INFLAMMATORY
TCF7L2,TCF7L2,GENE,1,INFLAMMATORY
TCIRG1,TCIRG1,GENE,1,INFLAMMATORY
TCN2,TCN2,GENE,1,INFLAMMATORY
TEK,TEK,GENE,1,INFLAMMATORY
TF,TF,GENE,1,INFLAMMATORY
TFF3,TFF3,GENE,1,INFLAMMATORY
TFPI,TFPI,GENE,1,INFLAMMATORY
TFRC,TFRC,GENE,1,INFLAMMATORY
TG,TG,GENE,1,INFLAMMATORY
TGFA,TGFA,GENE,1,INFLAMMATORY
TGFB1,TGFB1,GENE,1,INFLAMMATORY
TGFB2,TGFB2,GENE,1,INFLAMMATORY
TGFBR1,TGFBR1,GENE,1,INFLAMMATORY
TGM1,TGM1,GENE,1,INFLAMMATORY
TGM2,TGM2,GENE,1,INFLAMMATORY
TH1L,TH1L,GENE,1,INFLAMMATORY
THBD,THBD,GENE,1,INFLAMMATORY
THBS1,THBS1,GENE,1,INFLAMMATORY
THM,THM,GENE,1,INFLAMMATORY
THPO,THPO,GENE,1,INFLAMMATORY
THY1,THY1,GENE,1,INFLAMMATORY
TIE1,TIE1,GENE,1,INFLAMMATORY
TIMD4,TIMD4,GENE,1,INFLAMMATORY
TIMP1,TIMP1,GENE,1,INFLAMMATORY
TIMP2,TIMP2,GENE,1,INFLAMMATORY
TIMP3,TIMP3,GENE,1,INFLAMMATORY
TIMP4,TIMP4,GENE,1,INFLAMMATORY
TJP1,TJP1,GENE,1,INFLAMMATORY
TKT,TKT,GENE,1,INFLAMMATORY
TLR1,TLR1,GENE,1,INFLAMMATORY
TLR2,TLR2,GENE,1,INFLAMMATORY
TLR3,TLR3,GENE,1,INFLAMMATORY
TLR4,TLR4,GENE,1,INFLAMMATORY
TLR5,TLR5,GENE,1,INFLAMMATORY
TLR7,TLR7,GENE,1,INFLAMMATORY
TLR8,TLR8,GENE,1,INFLAMMATORY
TLR9,TLR9,GENE,1,INFLAMMATORY
TMED1,TMED1,GENE,1,INFLAMMATORY
TMEM106C,TMEM106C,GENE,1,INFLAMMATORY
TMEM11,TMEM11,GENE,1,INFLAMMATORY
TMEM201,TMEM201,GENE,1,INFLAMMATORY
TNC,TNC,GENE,1,INFLAMMATORY
TNF,TNF,GENE,1,INFLAMMATORY
TNFAIP1,TNFAIP1,GENE,1,INFLAMMATORY
TNFAIP3,TNFAIP3,GENE,1,INFLAMMATORY
TNFAIP6,TNFAIP6,GENE,1,INFLAMMATORY
TNFAIP8L2,TNFAIP8L2,GENE,1,INFLAMMATORY
TNFRSF10A,TNFRSF10A,GENE,1,INFLAMMATORY
TNFRSF10B,TNFRSF10B,GENE,1,INFLAMMATORY
TNFRSF11A,TNFRSF11A,GENE,1,INFLAMMATORY
TNFRSF11B,TNFRSF11B,GENE,1,INFLAMMATORY
TNFRSF12A,TNFRSF12A,GENE,1,INFLAMMATORY
TNFRSF13B,TNFRSF13B,GENE,1,INFLAMMATORY
TNFRSF13C,TNFRSF13C,GENE,1,INFLAMMATORY
TNFRSF17,TNFRSF17,GENE,1,INFLAMMATORY
TNFRSF18,TNFRSF18,GENE,1,INFLAMMATORY
TNFRSF1A,TNFRSF1A,GENE,1,INFLAMMATORY
TNFRSF1B,TNFRSF1B,GENE,1,INFLAMMATORY
TNFRSF25,TNFRSF25,GENE,1,INFLAMMATORY
TNFRSF4,TNFRSF4,GENE,1,INFLAMMATORY
TNFRSF6B,TNFRSF6B,GENE,1,INFLAMMATORY
TNFRSF9,TNFRSF9,GENE,1,INFLAMMATORY
TNFSF10,TNFSF10,GENE,1,INFLAMMATORY
TNFSF11,TNFSF11,GENE,1,INFLAMMATORY
TNFSF13B,TNFSF13B,GENE,1,INFLAMMATORY
TNFSF15,TNFSF15,GENE,1,INFLAMMATORY
TNFSF18,TNFSF18,GENE,1,INFLAMMATORY
TNFSF4,TNFSF4,GENE,1,INFLAMMATORY
TNIP1,TNIP1,GENE,1,INFLAMMATORY
TNNI3,TNNI3,GENE,1,INFLAMMATORY
TOP1,TOP1,GENE,1,INFLAMMATORY
TOP2A,TOP2A,GENE,1,INFLAMMATORY
TP53,TP53,GENE,1,INFLAMMATORY
TPH1,TPH1,GENE,1,INFLAMMATORY
TPM3,TPM3,GENE,1,INFLAMMATORY
TPMT,TPMT,GENE,1,INFLAMMATORY
TPO,TPO,GENE,1,INFLAMMATORY
TRAF1,TRAF1,GENE,1,INFLAMMATORY
TRAF3IP2,TRAF3IP2,GENE,1,INFLAMMATORY
TRAF6,TRAF6,GENE,1,INFLAMMATORY
TRAP1,TRAP1,GENE,1,INFLAMMATORY
TREM1,TREM1,GENE,1,INFLAMMATORY
TREX1,TREX1,GENE,1,INFLAMMATORY
TREX2,TREX2,GENE,1,INFLAMMATORY
TRH,TRH,GENE,1,INFLAMMATORY
TRIB1,TRIB1,GENE,1,INFLAMMATORY
TRIB3,TRIB3,GENE,1,INFLAMMATORY
TRIM21,TRIM21,GENE,1,INFLAMMATORY
TRIM68,TRIM68,GENE,1,INFLAMMATORY
TRIM69,TRIM69,GENE,1,INFLAMMATORY
TROVE2,TROVE2,GENE,1,INFLAMMATORY
TRPA1,TRPA1,GENE,1,INFLAMMATORY
TRPV1,TRPV1,GENE,1,INFLAMMATORY
TRPV3,TRPV3,GENE,1,INFLAMMATORY
TRPV4,TRPV4,GENE,1,INFLAMMATORY
TSHR,TSHR,GENE,1,INFLAMMATORY
TSLP,TSLP,GENE,1,INFLAMMATORY
TST,TST,GENE,1,INFLAMMATORY
TTR,TTR,GENE,1,INFLAMMATORY
TWIST1,TWIST1,GENE,1,INFLAMMATORY
TXN,TXN,GENE,1,INFLAMMATORY
TYK2,TYK2,GENE,1,INFLAMMATORY
TYROBP,TYROBP,GENE,1,INFLAMMATORY
UBAC2,UBAC2,GENE,1,INFLAMMATORY
UBE2L3,UBE2L3,GENE,1,INFLAMMATORY
UBIQUITIN,UBIQUITIN,GENE,1,INFLAMMATORY
UCN,UCN,GENE,1,INFLAMMATORY
UGCG,UGCG,GENE,1,INFLAMMATORY
UNC5B,UNC5B,GENE,1,INFLAMMATORY
UPK3B,UPK3B,GENE,1,INFLAMMATORY
UTS2,UTS2,GENE,1,INFLAMMATORY
VCAM1,VCAM1,GENE,1,INFLAMMATORY
VCP,VCP,GENE,1,INFLAMMATORY
VDR,VDR,GENE,1,INFLAMMATORY
VEGFA,VEGFA,GENE,1,INFLAMMATORY
VEGFC,VEGFC,GENE,1,INFLAMMATORY
VGLL3,VGLL3,GENE,1,INFLAMMATORY
VHL,VHL,GENE,1,INFLAMMATORY
VHLL,VHLL,GENE,1,INFLAMMATORY
VIM,VIM,GENE,1,INFLAMMATORY
VIP,VIP,GENE,1,INFLAMMATORY
VKORC1,VKORC1,GENE,1,INFLAMMATORY
VNN1,VNN1,GENE,1,INFLAMMATORY
VPS35,VPS35,GENE,1,INFLAMMATORY
VSIG4,VSIG4,GENE,1,INFLAMMATORY
VSTM1,VSTM1,GENE,1,INFLAMMATORY
VTCN1,VTCN1,GENE,1,INFLAMMATORY
VWF,VWF,GENE,1,INFLAMMATORY
WAS,WAS,GENE,1,INFLAMMATORY
WDFY4,WDFY4,GENE,1,INFLAMMATORY
WFDC21P,WFDC21P,GENE,1,INFLAMMATORY
WG,WG,GENE,1,INFLAMMATORY
WIF1,WIF1,GENE,1,INFLAMMATORY
WNT1,WNT1,GENE,1,INFLAMMATORY
WNT10B,WNT10B,GENE,1,INFLAMMATORY
WNT16,WNT16,GENE,1,INFLAMMATORY
WNT4,WNT4,GENE,1,INFLAMMATORY
WNT5A,WNT5A,GENE,1,INFLAMMATORY
XBP1,XBP1,GENE,1,INFLAMMATORY
XRCC1,XRCC1,GENE,1,INFLAMMATORY
XRCC3,XRCC3,GENE,1,INFLAMMATORY
YBX1,YBX1,GENE,1,INFLAMMATORY
YBX3,YBX3,GENE,1,INFLAMMATORY
ZDHHC13,ZDHHC13,GENE,1,INFLAMMATORY
ZFP36,ZFP36,GENE,1,INFLAMMATORY
ZNF398,ZNF398,GENE,1,INFLAMMATORY
ZNF423,ZNF423,GENE,1,INFLAMMATORY
ZNF467,ZNF467,GENE,1,INFLAMMATORY
ZNF750,ZNF750,GENE,1,INFLAMMATORY
ZNF77,ZNF77,GENE,1,INFLAMMATORY
SYSTEMIC LUPUS ERYTHEMATOSUS,SYSTEMIC LUPUS ERYTHEMATOSUS,CONDITION,10,INFLAMMATORY
ANGIITIDES,ANGIITIDES,CONDITION,10,INFLAMMATORY
GRANULOMATOSIS WITH POLYANGIITIS,GRANULOMATOSIS WITH POLYANGIITIS,CONDITION,10,INFLAMMATORY
SJOGREN'S SYNDROME,SJOGREN'S SYNDROME,CONDITION,10,INFLAMMATORY
ASEPTIC NECROSIS OF BONE,ASEPTIC NECROSIS OF BONE,CONDITION,10,INFLAMMATORY
CHRONIC ULCERATIVE COLITIS,CHRONIC ULCERATIVE COLITIS,CONDITION,10,INFLAMMATORY
ARTHRITIS,ARTHRITIS,CONDITION,10,INFLAMMATORY
AGE RELATED OSTEOPOROSIS,AGE RELATED OSTEOPOROSIS,CONDITION,10,INFLAMMATORY
CROHN'S DISEASE,CROHN'S DISEASE,CONDITION,10,INFLAMMATORY
KAWASAKI DISEASE,KAWASAKI DISEASE,CONDITION,10,INFLAMMATORY
POLYCYTHEMIA,POLYCYTHEMIA,CONDITION,10,INFLAMMATORY
PSORIASIS,PSORIASIS,CONDITION,10,INFLAMMATORY
SARCOIDOSIS,SARCOIDOSIS,CONDITION,10,INFLAMMATORY
SCLERODERMA,SCLERODERMA,CONDITION,10,INFLAMMATORY
ACTIVE RHEUMATIC FEVER,ACTIVE RHEUMATIC FEVER,CONDITION,10,INFLAMMATORY
ACUTE GOUT,ACUTE GOUT,CONDITION,10,INFLAMMATORY
BEHCET SYNDROME,BEHCET SYNDROME,CONDITION,10,INFLAMMATORY
ANKYLOSING SPONDYLARTHRITIDES,ANKYLOSING SPONDYLARTHRITIDES,CONDITION,10,INFLAMMATORY
ANTI PHOSPHOLIPID ANTIBODY SYNDROME,ANTI PHOSPHOLIPID ANTIBODY SYNDROME,CONDITION,10,INFLAMMATORY
LYME DISEASE,LYME DISEASE,CONDITION,10,INFLAMMATORY
COGAN SYNDROME,COGAN SYNDROME,CONDITION,10,INFLAMMATORY
FIBROMYALGIA,FIBROMYALGIA,CONDITION,10,INFLAMMATORY
BONE PAGET DISEASE,BONE PAGET DISEASE,CONDITION,10,INFLAMMATORY
AORTIC ARCH SYNDROME,AORTIC ARCH SYNDROME,CONDITION,10,INFLAMMATORY
BONE INFECTION,BONE INFECTION,CONDITION,10,INFLAMMATORY
ALLERGIC ANGIITIDES,ALLERGIC ANGIITIDES,CONDITION,10,INFLAMMATORY
HENOCH-SCHONLEIN PURPURA,HENOCH-SCHONLEIN PURPURA,CONDITION,10,INFLAMMATORY
